Brand,Prouduct Name,Price,Expected Delivary,Availibilty,Img Url
Kadence,"Kadence Frontier Series, Acoustic Guitar With/Wihtout EQ Die Cast Keys Combo (Bag,strap,strings and 3 picks) (Sunburst, Semi/Electro Acoustic)","5,499","Saturday, 2 September",In stock,https://www.amazon.in/sspa/click?ie=UTF8&spc=MTozODQwMzE5NjE5MjAzNjA0OjE2OTMyNTU0ODc6c3BfYXRmX25leHQ6MjAxNTIyMzM2ODk0OTg6OjA6Og&url=%2FKadence-Frontier-Acoustic-Wihtout-Sunburst%2Fdp%2FB08PKN69XK%2Fref%3Dsr_1_49_sspa%3Fkeywords%3Dguitar%26qid%3D1693255487%26sr%3D8-49-spons%26sp_csd%3Dd2lkZ2V0TmFtZT1zcF9hdGZfbmV4dA%26psc%3D1
VAULT,Vault DA40 41 Inch Premium Solid Spruce-Top Dreadnought Acoustic Guitar With Allen Key Natural,"7,299","Thursday, 31 August",In stock,https://www.amazon.in/sspa/click?ie=UTF8&spc=MTozODQwMzE5NjE5MjAzNjA0OjE2OTMyNTU0ODc6c3BfYXRmX25leHQ6MjAwOTI2MjQwMjE0OTg6OjA6Og&url=%2FPremium-Spruce-Top-Dreadnought-Acoustic-Guitar%2Fdp%2FB0BJK1CWSN%2Fref%3Dsr_1_50_sspa%3Fkeywords%3Dguitar%26qid%3D1693255487%26sr%3D8-50-spons%26sp_csd%3Dd2lkZ2V0TmFtZT1zcF9hdGZfbmV4dA%26psc%3D1
MUSTANG,MUSTANG - Yamaha F280 With Water Proof Cover MUSTANG Set 9 Pieces Guitar Tool Kit Including Guitar Capo Tuner String Winder Guitar Picks Guitar Bones Pick Holder Wall Stand,"8,960","Saturday, 2 September",In stock,https://www.amazon.in/sspa/click?ie=UTF8&spc=MTozODQwMzE5NjE5MjAzNjA0OjE2OTMyNTU0ODc6c3BfYXRmX25leHQ6MzAwMDQxMDgwOTM1MjMyOjowOjo&url=%2FMUSTANG-Yamaha-Pieces-Guitar-Including%2Fdp%2FB0CG1SRQYY%2Fref%3Dsr_1_51_sspa%3Fkeywords%3Dguitar%26qid%3D1693255487%26sr%3D8-51-spons%26sp_csd%3Dd2lkZ2V0TmFtZT1zcF9hdGZfbmV4dA%26psc%3D1
HOVNER,"Hovner Carlton Special Quality Rosewood Fretboard Blue Semi Acoustic Guitar With Bag,Strap,1 Set of Extra Strings and 2 Picks By K-Retail (Blue)","4,635","Saturday, 2 September",In stock,https://www.amazon.in/sspa/click?ie=UTF8&spc=MTozODQwMzE5NjE5MjAzNjA0OjE2OTMyNTU0ODc6c3BfYXRmX25leHQ6MzAwMDAyNTAyMDgxNDMyOjowOjo&url=%2FCarlton-Rosewood-Fretboard-Acoustic-K-Retail%2Fdp%2FB07KK8P9VB%2Fref%3Dsr_1_52_sspa%3Fkeywords%3Dguitar%26qid%3D1693255487%26sr%3D8-52-spons%26sp_csd%3Dd2lkZ2V0TmFtZT1zcF9hdGZfbmV4dA%26psc%3D1
Kadence,"Kadence Guitar Acoustica Series A05, Electric Acoustic Guitar, Zebra Wood with Pickup, Inbuilt tuner and Bag (Zebra Wood, Electro Acoustic)","7,399","Friday, 1 September",In stock,https://www.amazon.in/Kadence-Acoustica-Acoustic-Guitar-Zebra/dp/B07KXNKLJ2/ref=sr_1_53?keywords=guitar&qid=1693255487&sr=8-53
medellin,"Medellin 38"" Acoustic Guitar Purple Burst Carbon Fiber body+(Free Online Learning Course) - Durable Matt finish with handrest, strings, strap, bag, 3 Picks, capo, stand.","2,799","Saturday, 2 September",Only 2 left in stock,https://www.amazon.in/Medellin-Acoustic-Guitar-Purple-Learning/dp/B09MSGPQ43/ref=sr_1_54?keywords=guitar&qid=1693255487&sr=8-54
VAULT,"Vault DA20 Dreadnought Acoustic Guitar With Gig-Bag, Picks, Strings Set, String Winder, Strap, Polishing Cloth And Allen Key","4,899","Thursday, 31 August",In stock,https://www.amazon.in/Dreadnought-Acoustic-Gig-Bag-Strings-Polishing/dp/B0BJJRJVHY/ref=sr_1_55?keywords=guitar&qid=1693255487&sr=8-55
YAMAHA,"Yamaha F370 Acoustic Guitar, Natural","13,133","Thursday, 31 August",Only 2 left in stock,https://www.amazon.in/Yamaha-F370-Acoustic-Guitar-Natural/dp/B000WITPJM/ref=sr_1_56?keywords=guitar&qid=1693255487&sr=8-56
Intern,"INTERN 41 inches Cutaway Shape Acoustic Guitar with truss rod. Includes plectrums. Premium Wooden durable built, Best tonal s","3,290","Thursday, 31 August",In stock,https://www.amazon.in/Acoustic-plectrums-stability-resistance-Electric/dp/B09YH937P2/ref=sr_1_57?keywords=guitar&qid=1693255487&sr=8-57
HOVNER,"Hovner 215 Black F-Cut Rosewood Fretboard Acoustic Guitar With Bag,Strap,1 Set of Extra Strings and 2 Picks By K-Retail","4,580","Saturday, 2 September",In stock,https://www.amazon.in/Rosewood-Fretboard-Acoustic-Strings-K-Retail/dp/B07KLG8C4P/ref=sr_1_58?keywords=guitar&qid=1693255487&sr=8-58
YAMAHA,YAMAHA FX280 Natural Electro Acoustic Guitar,"11,325","Saturday, 2 September",In stock,https://www.amazon.in/Yamaha-FX280-acoustic-Dreadnought-Natural/dp/B09HR6BNFQ/ref=sr_1_59?keywords=guitar&qid=1693255487&sr=8-59
blueberry,"Blueberry B40L, 40"" Acoustic Guitar Kit Inbuilt Truss Rod with Bag, Strap, One Pack Strings And Picks (Classic Maroon)","4,290","Monday, 4 September",In stock,https://www.amazon.in/Blueberry-Acoustic-Inbuilt-Strings-Classic/dp/B09VLF8B8G/ref=sr_1_60?keywords=guitar&qid=1693255487&sr=8-60
blueberry,"Blueberry 38 Inch D38S Acoustic Guitar Kit Inbuilt Truss Rod, with Bag, Belt, One Pack Strings And Picks (Brown)","2,999","Monday, 4 September",In stock,https://www.amazon.in/Blueberry-Acoustic-Guitar-Inbuilt-Strings/dp/B07PHZ16BG/ref=sr_1_61?keywords=guitar&qid=1693255487&sr=8-61
Kadence,Kadence professional Guitar A311 Black,"6,999","Friday, 1 September",In stock,https://www.amazon.in/Kadence-6-strings-Acoustic-Guitar-Natural/dp/B07JKYWGJN/ref=sr_1_62?keywords=guitar&qid=1693255487&sr=8-62
Intern,"Intern INT-38C-RD-G Linden Wood Cutaway Right Handed Acoustic Guitar Kit, With Bag, Strings, Pick And Strap (Red, 6 Strings)","2,099","Saturday, 2 September",In stock,https://www.amazon.in/Intern-INT-38C-RD-G-Guitar-Kit-Red/dp/B07K959RKX/ref=sr_1_63?keywords=guitar&qid=1693255487&sr=8-63
Intern,"Intern INT-38C 38 Incheses basswood-BLS-G Cutaway Right HAnded Acoustic Guitar Kit, With Bag, Strings, Pick And Strap (Blue, 6 Strings)","2,149","Thursday, 31 August",In stock,https://www.amazon.in/Intern-INT-38C-BLS-G-Guitar-Kit-Blue/dp/B07K8YXTNW/ref=sr_1_64?keywords=guitar&qid=1693255487&sr=8-64
JUAREZ,"Juârez Acoustic Guitar, 38 Inch Cutaway, JRZ38CT, Hippie Funky Design, with Bag, Picks, Strap & Extra String set","2,489","Thursday, 31 August",In stock,https://www.amazon.in/Juarez-Acoustic-Guitar-Cutaway-JRZ38CT/dp/B01N3TTYJQ/ref=sr_1_65?keywords=guitar&qid=1693255487&sr=8-65
YAMAHA,"Yamaha FS100C Acoustic Guitar, Black","10,490","Saturday, 2 September",In stock,https://www.amazon.in/Yamaha-FS-100C-6-String-Acoustic-without/dp/B00PAS9CK6/ref=sr_1_66?keywords=guitar&qid=1693255487&sr=8-66
Kadence,Kadence A281BK Professional Acoustic Rosewood Guitar (Black),"6,499","Friday, 1 September",In stock,https://www.amazon.in/Kadence-A281BK-Professional-Acoustic-Rosewood/dp/B0CD7D6C6R/ref=sr_1_67?keywords=guitar&qid=1693255487&sr=8-67
JUAREZ,"JUAREZ JRZ-ST01, 6 Strings Linden Wood Electric Guitar, Right Handed with Bag/Case, 2 x Picks (3TS Sunburst)","5,749","Thursday, 31 August",In stock,https://www.amazon.in/JRZ-ST01-6-String-Electric-Sunburst-Without/dp/B01FYZSOEE/ref=sr_1_68?keywords=guitar&qid=1693255487&sr=8-68
blueberry,"Blueberry R-40, 40"" TrussRod Sapele Wood Acoustic Guitar Kit with Bag, Strap, One Pack Strings And Picks (Classic Brown)","4,795","Monday, 4 September",In stock,https://www.amazon.in/sspa/click?ie=UTF8&spc=MTozODQwMzE5NjE5MjAzNjA0OjE2OTMyNTU0ODc6c3BfbXRmOjIwMTAzNTI4NjU2Nzk4OjowOjo&url=%2FBlueberry-Acoustic-Inbuilt-Strings-Classic%2Fdp%2FB09VLF7G2D%2Fref%3Dsr_1_69_sspa%3Fkeywords%3Dguitar%26qid%3D1693255487%26sr%3D8-69-spons%26sp_csd%3Dd2lkZ2V0TmFtZT1zcF9tdGY%26psc%3D1
FESTRA,"Festra R-40- Trussrod Acoustic Guitar Kit with Bag, Strap, One Pack Strings and Picks (Classic Brown)","4,555","Monday, 4 September",In stock,https://www.amazon.in/sspa/click?ie=UTF8&spc=MTozODQwMzE5NjE5MjAzNjA0OjE2OTMyNTU0ODc6c3BfbXRmOjIwMDc4MzM2ODg1Nzk4OjowOjo&url=%2FFestra-Trussrod-Acoustic-Strings-Classic%2Fdp%2FB09VLF711S%2Fref%3Dsr_1_70_sspa%3Fkeywords%3Dguitar%26qid%3D1693255487%26sr%3D8-70-spons%26sp_csd%3Dd2lkZ2V0TmFtZT1zcF9tdGY%26psc%3D1
blueberry,"Blueberry B-D38 38 Incheses wood Acoustic Guitar Kit Inbuilt Truss Rod With Bag, Strap, One Pack Strings And Picks (Blue)","2,655","Monday, 4 September",In stock,https://www.amazon.in/sspa/click?ie=UTF8&spc=MTozODQwMzE5NjE5MjAzNjA0OjE2OTMyNTU0ODc6c3BfbXRmOjIwMDc4MzM2ODg3NDk4OjowOjo&url=%2FBlueberry-B-D38-Acoustic-Inbuilt-Strings%2Fdp%2FB07PHYZZP1%2Fref%3Dsr_1_71_sspa%3Fkeywords%3Dguitar%26qid%3D1693255487%26sr%3D8-71-spons%26sp_csd%3Dd2lkZ2V0TmFtZT1zcF9tdGY%26psc%3D1
Kadence,"Kadence Frontier Series Spruce Wood Acoustic Guitar With Equalizer, Super Combo With Bag, 1 Pack Strings, Strap, Picks, Capo, Tuner And Guitar Stand","6,899",,In stock,https://www.amazon.in/sspa/click?ie=UTF8&spc=MTozODQwMzE5NjE5MjAzNjA0OjE2OTMyNTU0ODc6c3BfbXRmOjIwMTUyMjMzNjg5Nzk4OjowOjo&url=%2FKadence-Frontier-Acoustic-Equalizer-Strings%2Fdp%2FB01HRIHH9E%2Fref%3Dsr_1_72_sspa%3Fkeywords%3Dguitar%26qid%3D1693255487%26sr%3D8-72-spons%26sp_csd%3Dd2lkZ2V0TmFtZT1zcF9tdGY%26psc%3D1
JUAREZ,"JUAREZ Fiésta 41 Inch Acoustic Guitar with Dual Action Truss Rod, 21 Frets Rosewood Fretboard & Bridge, Padded 5mm Cotton Bag, Cotton Strap, 2 Picks, Allen Key, Extra String Set, Natural","4,009","Thursday, 31 August",In stock,https://www.amazon.in/JUAREZ-Acoustic-Rosewood-Fretboard-Natural/dp/B08GZZX16R/ref=sr_1_73?keywords=guitar&qid=1693255487&sr=8-73
blueberry,"Blueberry B-38, 38"" Acoustic Guitar Kit Inbuilt Truss Rod with Bag, Strap, One Pack Strings And Picks (Natural)","2,655","Monday, 4 September",In stock,https://www.amazon.in/Blueberry-B-D38-Acoustic-inbuilt-Strings/dp/B07PCRZ1CD/ref=sr_1_74?keywords=guitar&qid=1693255487&sr=8-74
VAULT,"Vault Traveller 34 Inch Acoustic Guitar With Truss Rod, Gig-Bag, Strap, Strings, Polishing Cloth, String Winder, Picks & E-Book - Natural Gloss","4,084","Thursday, 31 August",In stock,https://www.amazon.in/Traveller-Acoustic-Guitar-Strings-Polishing/dp/B07RK9962M/ref=sr_1_75?keywords=guitar&qid=1693255487&sr=8-75
YAMAHA,"Yamaha FS100C Acoustic Guitar, Natural","9,990","Saturday, 2 September",In stock,https://www.amazon.in/Yamaha-FS100C-Acoustic-Guitars-Natural/dp/B00QKD79QE/ref=sr_1_76?keywords=guitar&qid=1693255487&sr=8-76
Kadence,"Kadence Slowhand Series Premium Acoustic Guitar, 38"" Travel Guitar (Mahogany Wood SHM03) (Mahogany)","8,999","Saturday, 2 September",In stock,https://www.amazon.in/Kadence-Slowhand-Premium-Acoustic-Mahogany/dp/B09SFXW1VL/ref=sr_1_77?keywords=guitar&qid=1693255487&sr=8-77
JUAREZ,"Juârez JRZ38C/MAH 6 Strings Acoustic Guitar 38 Inch Cutaway, Right Handed, Mahogany with Bag, Strings, Picks and Strap","2,799","Thursday, 31 August",In stock,https://www.amazon.in/JRZ38C-Strings-Acoustic-Cutaway-Mahogany/dp/B071JM8C6T/ref=sr_1_78?keywords=guitar&qid=1693255487&sr=8-78
Kadence,"Kadence Slowhand Premium Jumbo Semi Acoustic Guitar with Heavy Padded Bag, guitar cable, Pro Capo (Black Spruce Wood)","11,999","Friday, 1 September",In stock,https://www.amazon.in/Kadence-Slowhand-Premium-Acoustic-Instrument/dp/B077SZ667X/ref=sr_1_79?keywords=guitar&qid=1693255487&sr=8-79
FESTRA,"Festra 38C, 38 Inch Acoustic Guitar Kit with Bag, Strap, One Pack Strings And 2 Picks (Acoustic 38C (38 Inch) Guitar Kit, Natural)","2,328","Monday, 4 September",In stock,https://www.amazon.in/Festra-38C-Acoustic-Strings-Natural/dp/B09JT6C952/ref=sr_1_80?keywords=guitar&qid=1693255487&sr=8-80
Intern,"Intern INT-38C-SB-G Linden Wood Cutaway Right Handed Acoustic Guitar Kit, With Bag, Strings, Pick And Strap (Sunburst, 6 Strings)","2,199","Saturday, 2 September",In stock,https://www.amazon.in/Intern-INT-38C-SB-G-Guitar-Kit-Sunburst/dp/B07K8WLPLH/ref=sr_1_81?keywords=guitar&qid=1693255487&sr=8-81
JUAREZ,"JUAREZ Arpeggio Guitar JRA41MAH, mahogany","6,359","Thursday, 31 August",In stock,https://www.amazon.in/JUAREZ-Arpeggio-Guitar-JRA41MAH-mahogany/dp/B08MWBBYL1/ref=sr_1_82?keywords=guitar&qid=1693255487&sr=8-82
Neowood,"Neowood FLYM, Acoustic Guitar with Touch Pikup, Bag, Plectrums, finger Protectors & Neowood String Set (Wine red)","5,299","Saturday, 2 September",In stock,https://www.amazon.in/Neowood-FLYM-Acoustic-Plectrums-Protectors/dp/B0BPCLSJH3/ref=sr_1_83?keywords=guitar&qid=1693255487&sr=8-83
Ibanez,"Ibanez MD39C-NT Rose Wood Acoustic Guitar (Natural), Designed in Japan and Made Specially for India","7,249","Thursday, 31 August",In stock,https://www.amazon.in/Ibanez-IBA-MD39CNT-Acoustic-Guitar-MD39C-NT/dp/B07G4CCMYL/ref=sr_1_84?keywords=guitar&qid=1693255487&sr=8-84
JUAREZ,"Juârez JRZ38C/VTS 6 Strings Acoustic Guitar 38 Inch Cutaway, Right Handed, Violet/Purple with Bag, Strings, Picks and Strap","2,649","Thursday, 31 August",Only 2 left in stock,https://www.amazon.in/JRZ38C-VTS-Strings-Acoustic-Cutaway/dp/B072MFLQC9/ref=sr_1_85?keywords=guitar&qid=1693255487&sr=8-85
DOMENICO,DOMENICO Guitar 4-String plastic Acoustic Guitar Musical Instrument For Learning (23 Inches),949,"Saturday, 2 September",In stock,https://www.amazon.in/DOMENICO-4-String-Acoustic-Instrument-Learning/dp/B09M9VKRK8/ref=sr_1_86?keywords=guitar&qid=1693255487&sr=8-86
YAMAHA,"Yamaha F280 Acoustic Guitar, Tobacco Brown Sunburst","7,968","Thursday, 31 August",In stock,https://www.amazon.in/Yamaha-Acoustic-Guitar-Tobacco-Sunburst/dp/B08VXR74Q2/ref=sr_1_87?keywords=guitar&qid=1693255487&sr=8-87
Medellin,"Medellin Acoustic Guitar (with guitar learning course) Neon Orange (Combo, Strings,Bag,Picks and guitar course)","2,499","Saturday, 2 September",In stock,https://www.amazon.in/Medellin-Acoustic-Guitar-learning-Strings/dp/B0CCNSN6S4/ref=sr_1_88?keywords=guitar&qid=1693255487&sr=8-88
JUAREZ,"JUAREZ Fiésta 41 Inch Acoustic Guitar Cutaway with Dual Action Truss Rod, 21 Frets Rosewood Fretboard & Bridge, Padded 5mm Cotton Bag, Cotton Strap, 2 Picks, Allen Key, Extra String Set, Black","4,009","Thursday, 31 August",Only 2 left in stock,https://www.amazon.in/JUAREZ-Acoustic-Cutaway-Rosewood-Fretboard/dp/B08GZZ6SQ2/ref=sr_1_89?keywords=guitar&qid=1693255487&sr=8-89
Ibanez,Ibanez RG Gio Series GRGR221PA Electric Guitar- Aqua Burst,"29,795","Thursday, 31 August",Only 1 left in stock,https://www.amazon.in/Ibanez-GRGR221PA-Electric-Guitar-Burst/dp/B08SHLHBGT/ref=sr_1_90?keywords=guitar&qid=1693255487&sr=8-90
YAMAHA,YAMAHA FS80C BLACK CONCERT CUTAWAY GUITAR,"8,490","Saturday, 2 September",In stock,https://www.amazon.in/YAMAHA-FS80C-CONCERT-CUTAWAY-GUITAR/dp/B08WBBVMVJ/ref=sr_1_91?keywords=guitar&qid=1693255487&sr=8-91
enya,"Enya Nova Go Carbon Fiber Acoustic Guitar 1/2 Size Beginner Adult Travel Acustica Guitarra w/Starter Bundle Kit of Colorful Packaging, Acoustic Guitar Strap, Gig Bag, Cleaning Cloth, String(White)","16,500","Thursday, 31 August",Only 2 left in stock,https://www.amazon.in/Acoustic-Beginner-Acustica-Guitarra-Packaging/dp/B09JNTBFMC/ref=sr_1_92?keywords=guitar&qid=1693255487&sr=8-92
blueberry,"Blueberry, VIP-340, 34Inch Acoustic Guitar Kit With Bag, Belt, String Set and 2 Picks (Black)","2,999","Monday, 4 September",In stock,https://www.amazon.in/Blueberry-VIP-340-34Inch-Acoustic-Guitar/dp/B0BVR4M8MC/ref=sr_1_93?keywords=guitar&qid=1693255487&sr=8-93
blueberry,"SHARE BY Blueberry R-40- Trussrod Acoustic Guitar Kit with Bag, Strap, One Pack Strings and Picks (Natural)","3,999","Monday, 4 September",In stock,https://www.amazon.in/Blueberry-Trussrod-Acoustic-Strings-Natural/dp/B09WLNQFC9/ref=sr_1_94?keywords=guitar&qid=1693255487&sr=8-94
JUAREZ,"Juârez JRZ38C/ASH 6 Strings Acoustic Guitar 38 Inch Cutaway, Right Handed, Ash with Bag, Strings, Picks and Strap","2,799","Thursday, 31 August",In stock,https://www.amazon.in/Juarez-JRZ38C-ASH-Strings-Acoustic/dp/B072JTPNZC/ref=sr_1_95?keywords=guitar&qid=1693255487&sr=8-95
JUAREZ,"JUAREZ Fiésta 104.14 cm (41 Inch) Acoustic Guitar with Dual Action Truss Rod, 21 Frets Rosewood Fretboard & Bridge, Padded 5mm Cotton Bag, Cotton Strap, 2 Picks, Allen Key, Extra String Set, Brown","4,009","Thursday, 31 August",Only 2 left in stock,https://www.amazon.in/JUAREZ-Fi%C3%A9sta-Acoustic-Rosewood-Fretboard/dp/B08GZZVCB7/ref=sr_1_96?keywords=guitar&qid=1693255487&sr=8-96
Fender,Fender Squier 39 Inch 6 String Cutaway Acoustic Guitar Hardwood Fretboard-Natural Sa 135C Right-Hand One Of The Most Reputed Guitar Brands In The World,"7,586","Thursday, 31 August",In stock,https://www.amazon.in/Fender-String-Cutaway-Acoustic-Guitar/dp/B07YX5W8MV/ref=sr_1_97?keywords=guitar&qid=1693255487&sr=8-97
Fender,Fender Acoustic Guitar Dreadnought Solid CD60S Black 970110006,"13,739","Thursday, 31 August",In stock,https://www.amazon.in/Fender-091170170-Acoustic-Guitar/dp/B08PMT53X7/ref=sr_1_98?keywords=guitar&qid=1693255487&sr=8-98
VAULT,"Vault Junior 30 Inch Acoustic Guitar for Kids with Truss Rod, Gig-Bag, Strings, Straps, Picks, String winder, Polishing Cloth & E-Book - Natural Gloss","3,799","Thursday, 31 August",In stock,https://www.amazon.in/Junior-Acoustic-Guitar-Strings-Polishing/dp/B07RMJ88G2/ref=sr_1_99?keywords=guitar&qid=1693255487&sr=8-99
blueberry,"Blueberry B-D38, 38 Inch Acoustic Guitar Kit Inbuilt Truss Rod with Bag, Strap, One Pack Strings And Picks (Sunburst)","2,795","Monday, 4 September",In stock,https://www.amazon.in/Blueberry-B-D38-Acoustic-Inbuilt-Sunburst/dp/B08LNP8KGS/ref=sr_1_100?keywords=guitar&qid=1693255487&sr=8-100
Belear,"Belear I-280-WBL Couturier 38 Inch Blue Cutaway Acoustic Guitar With Dual Action Truss Rod, Bag,Strap String and Picks","3,049","Wednesday, 6 September",In stock,https://www.amazon.in/Belear-I-280-WBL-Couturier-Cutaway-Acoustic/dp/B0BPSX7WHQ/ref=sr_1_101?keywords=guitar&qid=1693255487&sr=8-101
YAMAHA,"YAMAHA F310, 6-Strings Rose Wood Acoustic Guitar, Natural","9,300","Saturday, 2 September",In stock,https://www.amazon.in/Yamaha-F310-6-Strings-Acoustic-Natural/dp/B000RVYW7E/ref=sr_1_102?keywords=guitar&qid=1693255487&sr=8-102
YAMAHA,"Yamaha F310, 6-Strings Acoustic Guitar, Natural","9,195","Saturday, 2 September",In stock,https://www.amazon.in/Yamaha-F310-Acoustic-Guitar-Natural/dp/B08Z3C1GRM/ref=sr_1_103?keywords=guitar&qid=1693255487&sr=8-103
blueberry,"Blueberry 38C, 38"" Acoustic Guitar Kit with Bag, Strap, One Pack Strings And Picks (Sunburst)","2,395","Monday, 4 September",In stock,https://www.amazon.in/Blueberry-38C-Acoustic-Strings-Sunburst/dp/B08KLMQN88/ref=sr_1_104?keywords=guitar&qid=1693255487&sr=8-104
Kadence,"Kadence Guitar Frontier Series, Blue Acoustic Guitar with Die Cast Keys, Set of Strings, Strap, Picks, Guitar stand, Capo and Bag, Super Combo (Blue, Acoustic)","4,999","Saturday, 2 September",In stock,https://www.amazon.in/sspa/click?ie=UTF8&spc=MTozODQwMzE5NjE5MjAzNjA0OjE2OTMyNTU0ODc6c3BfYnRmOjIwMTUyMjMzNjg5OTk4OjowOjo&url=%2FKadence-Frontier-Acoustic-Foldable-Strings%2Fdp%2FB01CJJGEVS%2Fref%3Dsr_1_105_sspa%3Fkeywords%3Dguitar%26qid%3D1693255487%26sr%3D8-105-spons%26sp_csd%3Dd2lkZ2V0TmFtZT1zcF9idGY%26psc%3D1
blueberry,"Blueberry, VIP-340, 34Inch Acoustic Guitar Kit With Bag, Belt, String Set and 2 Picks (Black)","2,999","Monday, 4 September",In stock,https://www.amazon.in/sspa/click?ie=UTF8&spc=MTozODQwMzE5NjE5MjAzNjA0OjE2OTMyNTU0ODc6c3BfYnRmOjIwMTI3OTkwMDI5Nzk4OjowOjo&url=%2FBlueberry-VIP-340-34Inch-Acoustic-Guitar%2Fdp%2FB0BVR4M8MC%2Fref%3Dsr_1_106_sspa%3Fkeywords%3Dguitar%26qid%3D1693255487%26sr%3D8-106-spons%26sp_csd%3Dd2lkZ2V0TmFtZT1zcF9idGY%26psc%3D1
Kadence,"Kadence Guitar Slowhand Series Premium Electric Acoustic Mahogany body Demi Cutaway Jumbo Guitar 41” Combo with Heavy Padded Bag, Instrument cable, Pro Capo, Picks, and String Set (Mahogany SH03)","11,999","Saturday, 2 September",In stock,https://www.amazon.in/sspa/click?ie=UTF8&spc=MTozODQwMzE5NjE5MjAzNjA0OjE2OTMyNTU0ODc6c3BfYnRmOjIwMTUyMjMzNjg5Njk4OjowOjo&url=%2FKadence-Slowhand-Acoustic-Mahagony-Instrument%2Fdp%2FB077T7GXFV%2Fref%3Dsr_1_107_sspa%3Fkeywords%3Dguitar%26qid%3D1693255487%26sr%3D8-107-spons%26sp_csd%3Dd2lkZ2V0TmFtZT1zcF9idGY%26psc%3D1
blueberry,"Blueberry B-40, 40 Inch Acoustic Guitar Kit with Bag, Belt, One Pack Strings & Picks (Black)","4,290","Monday, 4 September",In stock,https://www.amazon.in/sspa/click?ie=UTF8&spc=MTozODQwMzE5NjE5MjAzNjA0OjE2OTMyNTU0ODc6c3BfYnRmOjIwMDc4MzM2ODg5MDk4OjowOjo&url=%2FBlueberry-Acoustic-Guitar-Strings-Picks%2Fdp%2FB08L7NQB57%2Fref%3Dsr_1_108_sspa%3Fkeywords%3Dguitar%26qid%3D1693255487%26sr%3D8-108-spons%26sp_csd%3Dd2lkZ2V0TmFtZT1zcF9idGY%26psc%3D1
Medellin,"Medellin Acoustic Guitar (with guitar learning course) Neon Orange (Combo, Strings,Bag,Picks and guitar course)","2,499","Saturday, 2 September",In stock,https://www.amazon.in/sspa/click?ie=UTF8&spc=MToxNDQ2MjA1MjAwODY3NjA0OjE2OTMyNTU1ODY6c3BfYXRmX25leHQ6MzAwMDI1MjE3MjQxNjMyOjowOjo&url=%2FMedellin-Acoustic-Guitar-learning-Strings%2Fdp%2FB0CCNSN6S4%2Fref%3Dsr_1_97_sspa%3Fkeywords%3Dguitar%26qid%3D1693255586%26sr%3D8-97-spons%26sp_csd%3Dd2lkZ2V0TmFtZT1zcF9hdGZfbmV4dA%26psc%3D1
Kadence,"Kadence Frontier Series, Acoustic Guitar With/Wihtout EQ Die Cast Keys Combo (Bag,strap,strings and 3 picks) (Natural, Semi/Electro Acoustic)","5,499","Saturday, 2 September",In stock,https://www.amazon.in/sspa/click?ie=UTF8&spc=MToxNDQ2MjA1MjAwODY3NjA0OjE2OTMyNTU1ODY6c3BfYXRmX25leHQ6MjAxNTIyMzM2OTA2OTg6OjA6Og&url=%2FKadence-Frontier-Acoustic-Natural-Equalizer%2Fdp%2FB01I50UJG6%2Fref%3Dsr_1_98_sspa%3Fkeywords%3Dguitar%26qid%3D1693255586%26sr%3D8-98-spons%26sp_csd%3Dd2lkZ2V0TmFtZT1zcF9hdGZfbmV4dA%26psc%3D1
FESTRA,"Festra R-40- Trussrod Acoustic Guitar Kit with Bag, Strap, One Pack Strings and Picks (Classic Maroon)","4,076","Monday, 4 September",In stock,https://www.amazon.in/sspa/click?ie=UTF8&spc=MToxNDQ2MjA1MjAwODY3NjA0OjE2OTMyNTU1ODY6c3BfYXRmX25leHQ6MjAwNzgzMzY4ODU4OTg6OjA6Og&url=%2FFestra-Trussrod-Acoustic-Strings-Classic%2Fdp%2FB09VLDCT9H%2Fref%3Dsr_1_99_sspa%3Fkeywords%3Dguitar%26qid%3D1693255586%26sr%3D8-99-spons%26sp_csd%3Dd2lkZ2V0TmFtZT1zcF9hdGZfbmV4dA%26psc%3D1
musicalworks.in,"Musical Works Guitar, Acoustic Guitar, 40 Inch Cutaway, 038G with Bag, Strings, Pick and Strap, blue mat Colour Acoustic Guitar Cutaway 40 inch Full-size Beginner Guitar Package with Die Cast Keys, Set of Strings, Strap, Picks and Bag (blue maat, Acoustic) with Gig Bag, Tuner, Picks and Strap (Natural Bundle),","4,993","Tuesday, 5 September",In stock,https://www.amazon.in/sspa/click?ie=UTF8&spc=MToxNDQ2MjA1MjAwODY3NjA0OjE2OTMyNTU1ODY6c3BfYXRmX25leHQ6MzAwMDI4MDk0MjMxOTMyOjowOjo&url=%2FMusical-Guitar-Cutaway-038G-Strings%2Fdp%2FB09G1BL9PD%2Fref%3Dsr_1_100_sspa%3Fkeywords%3Dguitar%26qid%3D1693255586%26sr%3D8-100-spons%26sp_csd%3Dd2lkZ2V0TmFtZT1zcF9hdGZfbmV4dA%26psc%3D1
Ibanez,"Ibanez GA5TCE - AM, 6 -Strings Acoustic Guitar, Right-Handed, Amber High Gloss, Rosewood Fretboard","22,572","Thursday, 31 August",Only 2 left in stock,https://www.amazon.in/Ibanez-GA5TCE-Strings-Right-Handed-Fretboard/dp/B00LJV9OAQ/ref=sr_1_101?keywords=guitar&qid=1693255586&sr=8-101
KETOSTICS,"Ketostics® Givson Venus Special KS-vs-BLK, Acoustic Guitar Combo with Cover/Bag, String Set, Belt and Picks (BLACK)","4,079","Saturday, 2 September",In stock,https://www.amazon.in/KETOSTICS-Givson-Special-KS-vs-BLK-Acoustic/dp/B08LVS9WLY/ref=sr_1_102?keywords=guitar&qid=1693255586&sr=8-102
YAMAHA,Yamaha FS80C 25 Incheses sprucewood The Ultimate Concert Body Cutaway Acoustic Guitar (Black) With Bajaao Gig-Bag,"8,749","Thursday, 31 August",In stock,https://www.amazon.in/Ultimate-Concert-Cutaway-Acoustic-Bajaao/dp/B08WHWKKV5/ref=sr_1_103?keywords=guitar&qid=1693255586&sr=8-103
JUAREZ,"Juarez Wood Acoustic Guitar, [LEFT HANDED] 96.52 cm (38 Inch) Cutaway, 38CL/3TS with Bag, Strings, Pick and Strap, 3TS Sunburst","2,649","Thursday, 31 August",In stock,https://www.amazon.in/Acoustic-Cutaway-3TS-Strings-Sunburst/dp/B098BD1MHM/ref=sr_1_104?keywords=guitar&qid=1693255586&sr=8-104
HOVNER,"Hovner 215 Green F-Cut Rosewood Fretboard Acoustic Guitar With Bag,Strap,1 Set of Extra Strings and 2 Picks V3","4,480","Wednesday, 6 September",In stock,https://www.amazon.in/215-Rosewood-Fretboard-Acoustic-Strings/dp/B0C5458VCL/ref=sr_1_105?keywords=guitar&qid=1693255586&sr=8-105
JUAREZ,"Juârez Acoustic Guitar, 38 Inch Cutaway, JRZ38C with Bag, Strings, Pick and Strap, Red","2,609","Thursday, 31 August",In stock,https://www.amazon.in/JUAREZ-JRZ38C-Handed-Acoustic-Strings/dp/B01FYYTDW2/ref=sr_1_106?keywords=guitar&qid=1693255586&sr=8-106
JUAREZ,"JUAREZ Wood Acoustic Guitar, [Left Handed] 96.52 Cm (38 Inch) Cutaway, 38Cl/Tbls With Bag, Strings, Pick And Strap, Blue Sunburst","2,116","Thursday, 31 August",In stock,https://www.amazon.in/Acoustic-Cutaway-TBLS-Strings-Sunburst/dp/B098BCCY75/ref=sr_1_107?keywords=guitar&qid=1693255586&sr=8-107
NM Signature,"Signature NM Blue Rosewood Fretboard Acoustic Guitar With Bag,Strap,1 Set of Extra Strings and 2 Picks V2","3,990","Wednesday, 6 September",Only 2 left in stock,https://www.amazon.in/Signature-NM-Rosewood-Fretboard-Acoustic/dp/B0C7P4LHXH/ref=sr_1_108?keywords=guitar&qid=1693255586&sr=8-108
Medellin,"Medellin Acoustic Guitar + (Free online learning Course) Neon Green with Strings,Bag,Picks and guitar strap.","2,499","Friday, 1 September",In stock,https://www.amazon.in/Medellin-Acoustic-Guitar-learning-Strings/dp/B0CCNS2NDX/ref=sr_1_109?keywords=guitar&qid=1693255586&sr=8-109
blueberry,"Blueberry 38C, 38"" Acoustic Guitar Kit with Bag, Strap, One Pack Strings And Picks (Redburst)","2,450","Monday, 4 September",In stock,https://www.amazon.in/Blueberry-Acoustic-Guitar-Strings-Redburst/dp/B09N9R525J/ref=sr_1_110?keywords=guitar&qid=1693255586&sr=8-110
Tanglewood,"Tanglewood Crossroads TWCR OE Semi Acoustic Guitar, 6 Strings, Orchestra, Whiskey Barrel Burst Satin Finish","13,299","Thursday, 31 August",Only 1 left in stock,https://www.amazon.in/Tanglewood-Crossroads-Acoustic-Strings-Orchestra/dp/B01IA2I0BK/ref=sr_1_111?keywords=guitar&qid=1693255586&sr=8-111
blueberry,"Blueberry B-40, 40"" Acoustic Guitar Kit with Bag,Belt, One Pack Strings & Picks (Sunburst)","4,990","Monday, 4 September",In stock,https://www.amazon.in/Blueberry-Acoustic-Guitar-Strings-Sunburst/dp/B08L7XJQQ1/ref=sr_1_112?keywords=guitar&qid=1693255586&sr=8-112
YAMAHA,Yamaha 22.8 Inches Merantiwood Classical Guitar C40//02 (Brown),"7,399.",,,https://www.amazon.in/Yamaha-Classical-Guitar-C40-02/dp/B003UGCUFE/ref=sr_1_113?keywords=guitar&qid=1693255586&sr=8-113
Cort,Cort AD810E Dreadnought Electro Acoustic Guitar,"12,699","Thursday, 31 August",In stock,https://www.amazon.in/Cort-AD810E-Dreadnought-Electro-Acoustic/dp/B00V9RNUD2/ref=sr_1_114?keywords=guitar&qid=1693255586&sr=8-114
Kadence,Kadence Concert Sized Ukulele 24inch (Built in Equalizer) With Bag and Tuner (Saple Wood With Binding),"3,999","Thursday, 31 August",In stock,https://www.amazon.in/Kadence-Concert-Ukulele-Equalizer-Binding/dp/B08PNSGQBL/ref=sr_1_115?keywords=guitar&qid=1693255586&sr=8-115
Kadence,"Kadence Frontier Series Semi Acoustic Guitar With Die Cast Keys Natural Super Combo, Capo, Bag, strap, strings and 3 picks)","5,999","Saturday, 2 September",In stock,https://www.amazon.in/Kadence-Frontier-Acoustic-Equalizer-Foldable/dp/B01I50UMPO/ref=sr_1_116?keywords=guitar&qid=1693255586&sr=8-116
blueberry,"Blueberry B-38, 38"" Acoustic Guitar Kit Inbuilt Truss Rod with Bag, Strap, One Pack Strings And Picks (Natural)","2,655","Monday, 4 September",In stock,https://www.amazon.in/sspa/click?ie=UTF8&spc=MToxNDQ2MjA1MjAwODY3NjA0OjE2OTMyNTU1ODY6c3BfbXRmOjIwMDc4MzM2ODg4Nzk4OjowOjo&url=%2FBlueberry-B-D38-Acoustic-inbuilt-Strings%2Fdp%2FB07PCRZ1CD%2Fref%3Dsr_1_117_sspa%3Fkeywords%3Dguitar%26qid%3D1693255586%26sr%3D8-117-spons%26sp_csd%3Dd2lkZ2V0TmFtZT1zcF9tdGY%26psc%3D1
blueberry,"Blueberry B40L, 40"" Acoustic Guitar Kit Inbuilt Truss Rod with Bag, Strap, One Pack Strings And Picks (Classic Maroon)","4,290","Monday, 4 September",In stock,https://www.amazon.in/sspa/click?ie=UTF8&spc=MToxNDQ2MjA1MjAwODY3NjA0OjE2OTMyNTU1ODY6c3BfbXRmOjIwMDc4MzM2ODg1MTk4OjowOjo&url=%2FBlueberry-Acoustic-Inbuilt-Strings-Classic%2Fdp%2FB09VLF8B8G%2Fref%3Dsr_1_118_sspa%3Fkeywords%3Dguitar%26qid%3D1693255586%26sr%3D8-118-spons%26sp_csd%3Dd2lkZ2V0TmFtZT1zcF9tdGY%26psc%3D1
Multi colour,Right Search ®Musical Guitar and Drum Combo Set_GD2,"1,099","Saturday, 2 September",In stock,https://www.amazon.in/sspa/click?ie=UTF8&spc=MToxNDQ2MjA1MjAwODY3NjA0OjE2OTMyNTU1ODY6c3BfbXRmOjMwMDAwODgyMTczODAzMjo6MDo6&url=%2FRight-Search-%25C2%25AEMusical-Guitar-Set_GD2%2Fdp%2FB09PYFV844%2Fref%3Dsr_1_119_sspa%3Fkeywords%3Dguitar%26qid%3D1693255586%26sr%3D8-119-spons%26sp_csd%3Dd2lkZ2V0TmFtZT1zcF9tdGY%26psc%3D1
blueberry,"Blueberry, VlP-405, 40Inch TrussRod Acoustic Guitar With Bag, Belt, String Set And 2 Picks (Classic Brown)","4,590","Monday, 4 September",Only 2 left in stock,https://www.amazon.in/sspa/click?ie=UTF8&spc=MToxNDQ2MjA1MjAwODY3NjA0OjE2OTMyNTU1ODY6c3BfbXRmOjIwMTI3OTkwMDI5MTk4OjowOjo&url=%2FBlueberry-VlP-405-TrussRod-Acoustic-Classic%2Fdp%2FB0BVZBL1VJ%2Fref%3Dsr_1_120_sspa%3Fkeywords%3Dguitar%26qid%3D1693255586%26sr%3D8-120-spons%26sp_csd%3Dd2lkZ2V0TmFtZT1zcF9tdGY%26psc%3D1
Generic,Acoustic Guitar,"1,999","Tuesday, 5 September",In stock,https://www.amazon.in/Generic-G001-Acoustic-Guitar/dp/B0CCKRBHF6/ref=sr_1_121?keywords=guitar&qid=1693255586&sr=8-121
blueberry,"Blueberry B-40, 40"" Acoustic Guitar Kit Inbuilt Truss Rod, with Bag,Belt, One Pack Strings And Picks (Black)","4,290","Monday, 4 September",In stock,https://www.amazon.in/Blueberry-B-40Y-Acoustic-Inbuilt-Strings/dp/B07PLK112T/ref=sr_1_122?keywords=guitar&qid=1693255586&sr=8-122
YAMAHA,Yamaha FSX80C Semi acoustic cutaway guitar (Black),"11,990",Add a Protection Plan:,In stock,https://www.amazon.in/Yamaha-FSX80C-Acoustic-Cutaway-Guitar/dp/B09HL5WFDX/ref=sr_1_123?keywords=guitar&qid=1693255586&sr=8-123
Ibanez,"Ibanez MD39C Cutaway Acoustic Guitar - Sunburst, MD-39CDB (IBA-MD39CSB)","7,929","Friday, 1 September",Only 2 left in stock,https://www.amazon.in/Ibanez-MD39C-NT-Cutaway-Acoustic-MD39CSB/dp/B07KYKTRKX/ref=sr_1_124?keywords=guitar&qid=1693255586&sr=8-124
GIVSON,"Givson Venus Special Cutaway Rosewood 41 Inch Acoustic Guitar Kit With Cover/Bag, String Set, Strap and 5 Plectrums (BLACK)","4,299","Saturday, 2 September",In stock,https://www.amazon.in/Givson-Ketostics-Guitar-Acoustic-Plectrums/dp/B08KS5MRSC/ref=sr_1_125?keywords=guitar&qid=1693255586&sr=8-125
SAGA,Saga SF-600C-NAT Dreadnought Cutaway Acoustic Guitar (Natural),"8,235","Saturday, 2 September",In stock,https://www.amazon.in/SF-600C-NAT-Dreadnought-Cutaway-Acoustic-Natural/dp/B0B1HX47XR/ref=sr_1_126?keywords=guitar&qid=1693255586&sr=8-126
Fender,"Fender 0930307021 SA-105CE Dreadnought Cutaway Electric Guitar - Natural, full size","12,491","Thursday, 31 August",Only 1 left in stock,https://www.amazon.in/Fender-0930307021-SA-105CE-Dreadnought-Electric/dp/B009X3PLRC/ref=sr_1_127?keywords=guitar&qid=1693255586&sr=8-127
Fender,Fender Acoustic Guitar Dreadnought Cutaway Electronics FA-125CE Natural Right-Hand 0971113221 One of The Most reputed Guitar Brands in the World,"18,659","Thursday, 31 August",In stock,https://www.amazon.in/Fender-FA-125CE-Dreadnought-Fingerboard-Natural/dp/B07R16NMKH/ref=sr_1_128?keywords=guitar&qid=1693255586&sr=8-128
blueberry,"Blueberry, VIP-301, 30Inch Acoustic Guitar Kit With Bag, Belt, String Sets And 2 Picks Natural","3,290","Monday, 4 September",In stock,https://www.amazon.in/Blueberry-VIP-301-30Inch-Acoustic-Natural/dp/B0BVVFNXMD/ref=sr_1_129?keywords=guitar&qid=1693255586&sr=8-129
HOVNER,"Hovner Carlton Special Quality Rosewood Fretboard Blue Semi Acoustic Guitar With Bag,Strap,1 Set of Extra Strings and 2 Picks By K-Retail (Blue)","4,635","Saturday, 2 September",In stock,https://www.amazon.in/Carlton-Rosewood-Fretboard-Acoustic-K-Retail/dp/B07KK8P9VB/ref=sr_1_130?keywords=guitar&qid=1693255586&sr=8-130
Ibanez,"Ibanez GRG170DX 40 Inches Wood Electric Guitar, Black","23,339","Thursday, 31 August",In stock,https://www.amazon.in/Ibanez-GRG170DX-Electric-Guitar-Black/dp/B001EM180O/ref=sr_1_131?keywords=guitar&qid=1693255586&sr=8-131
Cort,Cort Acoustic Guitar Pack CAP-810 Open Pore,"9,492","Friday, 1 September",In stock,https://www.amazon.in/Cort-CAP810-OP-Acoustic-Plectrums-Complete/dp/B08D7SWGG5/ref=sr_1_132?keywords=guitar&qid=1693255586&sr=8-132
JUAREZ,JUAREZ JRZ41C 41 Inch ACOUSTIC GUITAR WITH ACC (3TS SUNBURST),"4,169","Thursday, 31 August",In stock,https://www.amazon.in/JUAREZ-JRZ41C-ACOUSTIC-GUITAR-SUNBURST/dp/B07X1XQC4Z/ref=sr_1_133?keywords=guitar&qid=1693255586&sr=8-133
Ibanez,"Ibanez MD39C-NT 39 Inches Rose Wood Cutaway Acoustic Guitar With Gig-Bag, Polishing Cloth And E-Book","7,699","Thursday, 31 August",In stock,https://www.amazon.in/Ibanez-MD39C-NT-Cutaway-Acoustic-Polishing/dp/B084BQJCP8/ref=sr_1_134?keywords=guitar&qid=1693255586&sr=8-134
Fender,Fender Acoustic Guitar Concert Cutaway Electronics CC60SCE Black 970153006,"28,640","Friday, 1 September",Only 1 left in stock,https://www.amazon.in/Fender-CC-60SCE-Concert-Acoustic-Guitar/dp/B07K89DNTZ/ref=sr_1_135?keywords=guitar&qid=1693255586&sr=8-135
YAMAHA,"YAMAHA F310-TBS Right Handed Spruce, Back/Side/Rib, Meranti Acoustic Guitar (Tobacco Sunburst, 6-Strings)","10,490","Saturday, 2 September",Only 1 left in stock,https://www.amazon.in/Yamaha-6-String-Acoustic-Right-Handed-Sunburst/dp/B000WITGQO/ref=sr_1_136?keywords=guitar&qid=1693255586&sr=8-136
YAMAHA,"Yamaha Electric-Acoustic Guitar FX280 Dreadnought With Mexa Sponge Guitar Bag, Belt,Plectrums.","12,499","Sunday, 3 September",In stock,https://www.amazon.in/Yamaha-Electric-Acoustic-FX280-Dreadnought-Plectrums/dp/B09HSHNR6R/ref=sr_1_137?keywords=guitar&qid=1693255586&sr=8-137
blueberry,"Blueberry B-38C-Brown 38 Inch Acoustic Guitar Kit with Bag, Strap, One Pack Strings And 2 Picks","2,450","Monday, 4 September",In stock,https://www.amazon.in/Blueberry-B-38C-Brown-Acoustic-Guitar-Strings/dp/B0B71BHDGQ/ref=sr_1_138?keywords=guitar&qid=1693255586&sr=8-138
Cort,Cort AF510M-OP Acoustic Guitar,"9,800","Thursday, 31 August",In stock,https://www.amazon.in/Cort-AF510MOP-AF510M-OP-Acoustic-Guitar/dp/B00E3GQ9MK/ref=sr_1_139?keywords=guitar&qid=1693255586&sr=8-139
YAMAHA,Yamaha FX280 Tobacco Brown Sunburst Electro Acoustic Guitar,"11,190","Saturday, 2 September",Only 1 left in stock,https://www.amazon.in/FX280-acoustic-Dreadnought-Tobacco-Sunburst/dp/B09HR7BXGW/ref=sr_1_140?keywords=guitar&qid=1693255586&sr=8-140
YAMAHA,"Yamaha 16 Incheses wood Acoustic Guitar F280 Dreadnought With Mexa Sponge Bag Belt,Plectrums, String Set & Guitar StAnd (Natural)","8,999","Sunday, 3 September",In stock,https://www.amazon.in/Acoustic-F280-Dreadnought-Plectrums-Natural/dp/B092TPXZRN/ref=sr_1_141?keywords=guitar&qid=1693255586&sr=8-141
Kadence,"Kadence Frontier Jumbo Semi Acoustic Guitar, (Bag, 1 pack Strings, Strap, Picks, (Natural EQ C)","6,899","Saturday, 2 September",In stock,https://www.amazon.in/Kadence-Frontier-Acoustic-Equalizer-Natural/dp/B01HRIOSGE/ref=sr_1_142?keywords=guitar&qid=1693255586&sr=8-142
AUREUS,AUREUS 4 String Acoustic Guitar Musical Instrument Educational Small Guitar for Beginners Kids Children,999,"Saturday, 2 September",In stock,https://www.amazon.in/AUREUS-Acoustic-Instrument-Educational-Beginners/dp/B09W12QFQD/ref=sr_1_143?keywords=guitar&qid=1693255586&sr=8-143
Kadence,Kadence Acoustica Series Semi Acoustic Ash Wood with Fluorocarbon strings Equalizer A-06 (Ukulele),"3,299","Saturday, 2 September",In stock,https://www.amazon.in/Kadence-Acoustica-Acoustic-Fluorocarbon-Equalizer/dp/B08PBLKL62/ref=sr_1_144?keywords=guitar&qid=1693255586&sr=8-144
Medellin,"Medellin M38 carbon fiber body 38 Incheses Acoustic Guitar (White) Durable Matt finish With hAndrest, strings, strap, bag, 3 Picks, capo, stAnd","2,499",,,https://www.amazon.in/Medellin-Acoustic-Guitar-Carbon-Learning/dp/B09MSFP7JK/ref=sr_1_145?keywords=guitar&qid=1693255586&sr=8-145
YAMAHA,"Yamaha F280 Acoustic sprucewood Guitar Dreadnought With Mexa Guitar Bag, Belt, String Set, Plectrums & Guitar StAnd (Tsb)","8,699","Sunday, 3 September",In stock,https://www.amazon.in/Yamaha-F280-Acoustic-Dreadnought-Plectrum/dp/B08VN2V5V3/ref=sr_1_146?keywords=guitar&qid=1693255586&sr=8-146
VAULT,Vault ST1 Premium Electric Guitar - White,"7,999","Thursday, 31 August",In stock,https://www.amazon.in/Vault-ST1-Premium-Electric-Guitar/dp/B09GLYSJ8W/ref=sr_1_147?keywords=guitar&qid=1693255586&sr=8-147
Kadence,Kadence GenZ Guitar (with Guitar learning course) Acoustic Guitar with Die Cast Keys and Bag (Pink),"5,999","Friday, 1 September",In stock,https://www.amazon.in/Kadence-Guitar-learning-course-Acoustic/dp/B0CD4C26LD/ref=sr_1_148?keywords=guitar&qid=1693255586&sr=8-148
Kordz,"Kordz Luana Blue 41 Inch Rosewood Fretboard Acoustic Guitar With Bag,Strap,1 Set of Extra Strings and 2 Picks","3,890","Saturday, 2 September",In stock,https://www.amazon.in/Kordz-Luana-Rosewood-Fretboard-Acoustic/dp/B09FFM9VSH/ref=sr_1_149?keywords=guitar&qid=1693255586&sr=8-149
Intern,"Intern INT-38C-L-SB Left Hand Acoustic Guitar Kit, With Bag, Strings, Pick And Strap (Sunburst)","2,799","Thursday, 31 August",In stock,https://www.amazon.in/Intern-INT-38C-L-SB-Acoustic-Guitar-Sunburst/dp/B07J5B69MB/ref=sr_1_150?keywords=guitar&qid=1693255586&sr=8-150
blueberry,"Blueberry, VlP-405, 40Inch TrussRod Acoustic Guitar With Bag, Belt, String Set And 2 Picks (Classic Brown)","4,590","Monday, 4 September",Only 2 left in stock,https://www.amazon.in/Blueberry-VlP-405-TrussRod-Acoustic-Classic/dp/B0BVZBL1VJ/ref=sr_1_151?keywords=guitar&qid=1693255586&sr=8-151
Tanglewood,"Tanglewood Discovery Exotic DBT TCE BW Electro-Acoustic Travel Guitar, with Bag, FISHMAN Pickup, Free Natural","21,567","Saturday, 2 September",Only 1 left in stock,https://www.amazon.in/Tanglewood-DBT-TCE-BW-Electro-Acoustic/dp/B085CNHPVH/ref=sr_1_152?keywords=guitar&qid=1693255586&sr=8-152
Multi colour,Right Search ® Musical Guitar Toy_g1,299,"Saturday, 2 September",In stock,https://www.amazon.in/sspa/click?ie=UTF8&spc=MToxNDQ2MjA1MjAwODY3NjA0OjE2OTMyNTU1ODY6c3BfYnRmOjMwMDAwODg4MjMwNzMzMjo6MDo6&url=%2FRight-Search-Musical-Guitar-Toy_g1%2Fdp%2FB09Z9CQZQ9%2Fref%3Dsr_1_153_sspa%3Fkeywords%3Dguitar%26qid%3D1693255586%26sr%3D8-153-spons%26sp_csd%3Dd2lkZ2V0TmFtZT1zcF9idGY%26psc%3D1
Guitar Bro,"GUITAR BRO - COMBO (Black Acoustic Rose Wood Guitar for Beginner, Guitar Learning Kit, Song Book, Video Lectures, Accessories like Pick, Bag)","8,999",6 - 8 September,In stock,https://www.amazon.in/sspa/click?ie=UTF8&spc=MToxNDQ2MjA1MjAwODY3NjA0OjE2OTMyNTU1ODY6c3BfYnRmOjIwMDQ5MTI5MTM2MjAxOjowOjo&url=%2FGUITAR-BRO-Acoustic-Beginner-Accessories%2Fdp%2FB07T84GC8L%2Fref%3Dsr_1_154_sspa%3Fkeywords%3Dguitar%26qid%3D1693255586%26sr%3D8-154-spons%26sp_csd%3Dd2lkZ2V0TmFtZT1zcF9idGY%26psc%3D1
blueberry,"Blueberry 38 Inch D38S Acoustic Guitar Kit Inbuilt Truss Rod, with Bag, Belt, One Pack Strings And Picks (Brown)","2,999","Monday, 4 September",In stock,https://www.amazon.in/sspa/click?ie=UTF8&spc=MToxNDQ2MjA1MjAwODY3NjA0OjE2OTMyNTU1ODY6c3BfYnRmOjIwMDc4MzM2ODg5Mzk4OjowOjo&url=%2FBlueberry-Acoustic-Guitar-Inbuilt-Strings%2Fdp%2FB07PHZ16BG%2Fref%3Dsr_1_155_sspa%3Fkeywords%3Dguitar%26qid%3D1693255586%26sr%3D8-155-spons%26sp_csd%3Dd2lkZ2V0TmFtZT1zcF9idGY%26psc%3D1
VAULT,"Vault Traveller 34 Inch Acoustic Guitar With Truss Rod, Gig-Bag, Strap, Strings, Polishing Cloth, String Winder, Picks & E-Book - Natural Gloss","4,084","Thursday, 31 August",In stock,https://www.amazon.in/sspa/click?ie=UTF8&spc=MToxNDQ2MjA1MjAwODY3NjA0OjE2OTMyNTU1ODY6c3BfYnRmOjIwMDM2MjQ0NTU5NTk4OjowOjo&url=%2FTraveller-Acoustic-Guitar-Strings-Polishing%2Fdp%2FB07RK9962M%2Fref%3Dsr_1_156_sspa%3Fkeywords%3Dguitar%26qid%3D1693255586%26sr%3D8-156-spons%26sp_csd%3Dd2lkZ2V0TmFtZT1zcF9idGY%26psc%3D1
Kadence,"Kadence Frontier Semi Acoustic Guitar 40"" with Learning Course, Die cast keys with Combo (Bag,strap,strings And 3 picks) (Black, Electric Acoustic)","4,999","Friday, 1 September",In stock,https://www.amazon.in/sspa/click?ie=UTF8&spc=MTo2MDE0NjEyOTM5NTM2NjA0OjE2OTMyNTU1OTE6c3BfYXRmX25leHQ6MjAxNTIyMzM2OTAzOTg6OjA6Og&url=%2FKadence-Frontier-Acoustic-Wihtout-strings%2Fdp%2FB08PKG3SY8%2Fref%3Dsr_1_145_sspa%3Fkeywords%3Dguitar%26qid%3D1693255591%26sr%3D8-145-spons%26sp_csd%3Dd2lkZ2V0TmFtZT1zcF9hdGZfbmV4dA%26psc%3D1
FESTRA,"Festra R-40-Natural Acoustic Guitar Kit with Bag, Strap, One Pack Strings And 2 Picks","4,076","Monday, 4 September",In stock,https://www.amazon.in/sspa/click?ie=UTF8&spc=MTo2MDE0NjEyOTM5NTM2NjA0OjE2OTMyNTU1OTE6c3BfYXRmX25leHQ6MjAwNzgzMzY4ODU5OTg6OjA6Og&url=%2FFestra-R-40-Natural-Acoustic-Guitar-Strings%2Fdp%2FB09VL5DX17%2Fref%3Dsr_1_146_sspa%3Fkeywords%3Dguitar%26qid%3D1693255591%26sr%3D8-146-spons%26sp_csd%3Dd2lkZ2V0TmFtZT1zcF9hdGZfbmV4dA%26psc%3D1
-,Mustang Guitar Stand Foldable Universal A-Frame Style Guitar Stand Black For Acoustic Electric Guitars,398,"Saturday, 2 September",In stock,https://www.amazon.in/sspa/click?ie=UTF8&spc=MTo2MDE0NjEyOTM5NTM2NjA0OjE2OTMyNTU1OTE6c3BfYXRmX25leHQ6MjAwNjAzNTI5MTUxOTg6OjA6Og&url=%2FMustang-Foldable-Universal-Acoustic-Electric%2Fdp%2FB077P4KG9Q%2Fref%3Dsr_1_147_sspa%3Fkeywords%3Dguitar%26qid%3D1693255591%26sr%3D8-147-spons%26sp_csd%3Dd2lkZ2V0TmFtZT1zcF9hdGZfbmV4dA%26psc%3D1
Gibz's guitar,"Gibz's Guitar FT-G41 Frontier Series 41"" Jumbo Semi Acoustic Guitar With Die Cast Keys, Super Combo (Bag, 1 pack Strings, Strap, Picks, Capo (Natural)","6,999","Friday, 1 September",In stock,https://www.amazon.in/sspa/click?ie=UTF8&spc=MTo2MDE0NjEyOTM5NTM2NjA0OjE2OTMyNTU1OTE6c3BfYXRmX25leHQ6MjAxNjA5NDE4MDg0OTg6OjA6Og&url=%2FGibzs-FT-G41-Frontier-Acoustic-Strings%2Fdp%2FB0BY5DBMVW%2Fref%3Dsr_1_148_sspa%3Fkeywords%3Dguitar%26qid%3D1693255591%26sr%3D8-148-spons%26sp_csd%3Dd2lkZ2V0TmFtZT1zcF9hdGZfbmV4dA%26psc%3D1
Tanglewood,"Tanglewood Discovery Exotic DBT TCE BW Electro-Acoustic Travel Guitar, with Bag, FISHMAN Pickup, Free Natural","21,567","Saturday, 2 September",Only 1 left in stock,https://www.amazon.in/Tanglewood-DBT-TCE-BW-Electro-Acoustic/dp/B085CNHPVH/ref=sr_1_149?keywords=guitar&qid=1693255591&sr=8-149
Kadence,"Kadence Guitar Frontier Series, Blue Acoustic Guitar with Die Cast Keys, Set of Strings, Strap, Picks, Guitar stand, Capo and Bag, Super Combo (Blue, Acoustic)","4,999","Saturday, 2 September",In stock,https://www.amazon.in/Kadence-Frontier-Acoustic-Foldable-Strings/dp/B01CJJGEVS/ref=sr_1_150?keywords=guitar&qid=1693255591&sr=8-150
STERLING GUITARS,Sterling by Music Man StingRay Guitar in in Daphne Blue (Model: SR30-DBL-R1),"34,927","Friday, 1 September",Only 2 left in stock,https://www.amazon.in/Sterling-Music-StingRay-Guitar-Daphne/dp/B0921HKSZ4/ref=sr_1_151?keywords=guitar&qid=1693255591&sr=8-151
YAMAHA,"Yamaha FS80C Acoustic Guitar Cutaway Concert Body With Mexa Sponge Bag, Guitar Belt, Guitar Stand, String Set & Plectrums.(BK)","9,790","Sunday, 3 September",In stock,https://www.amazon.in/FS80C-Acoustic-Cutaway-Concert-Plectrums/dp/B09HSHGD3B/ref=sr_1_152?keywords=guitar&qid=1693255591&sr=8-152
YAMAHA,"Yamaha Acoustic Guitar F310 Dreadnought With Mexa Guitar Bag, Head Cover, Belt, Plectrums & String Set.","11,889","Sunday, 3 September",Only 2 left in stock,https://www.amazon.in/Yamaha-Acoustic-Guitar-Dreadnought-Plectrums/dp/B094H8NGBM/ref=sr_1_153?keywords=guitar&qid=1693255591&sr=8-153
Fender,Fender SA 135C 39 Inch 6 String Cutaway Acoustic Guitar - Hardwood Fretboard - Natural (SA-135CNT Bundle),"8,199","Thursday, 31 August",In stock,https://www.amazon.in/Fender-String-Cutaway-Acoustic-Guitar/dp/B07ZJP1CM4/ref=sr_1_154?keywords=guitar&qid=1693255591&sr=8-154
Kadence,"Kadence AstroMan Electric Guitar, 21 FRETS, ROSEWOOD FRETBOARD, H - S - S PICK UPS Black combo with Bag, Guitar strap,guitar cable and Picks","7,999","Thursday, 31 August",In stock,https://www.amazon.in/Kadence-Electric-Guitar-Rosewood-Fretboard/dp/B07BGW6JVL/ref=sr_1_145?keywords=guitar&qid=1693255591&sr=8-145
Hertz,Hertz HZA4800 Acoustic Guitar Brown Shadow,"6,399",5 - 7 September,In stock,https://www.amazon.in/Hertz-HZA4800-Acoustic-Guitar-Shadow/dp/B0CDH9SYQY/ref=sr_1_146?keywords=guitar&qid=1693255591&sr=8-146
Fender,Fender Acoustic Guitar Concert Cutaway Electronics FA135CE 971253522 Mahogany,"20,499","Friday, 1 September",Only 1 left in stock,https://www.amazon.in/Fender-FA135CE-Concert-Acoustic-Guitar/dp/B07YX6MM9N/ref=sr_1_147?keywords=guitar&qid=1693255591&sr=8-147
YAMAHA,"Yamaha FS100C Acoustic Guitar, Natural","9,989","Thursday, 31 August",In stock,https://www.amazon.in/Yamaha-FS100C-Acoustic-Guitar-Natural/dp/B08Z3DVN8N/ref=sr_1_148?keywords=guitar&qid=1693255591&sr=8-148
Kadence,"Kadence Frontier Series 40 Incheses wood Semi Acoustic Guitar With Die Cast Keys (Bag,Strap,Strings And 3 Picks) (Sunburst)","5,499","Saturday, 2 September",In stock,https://www.amazon.in/Kadence-Frontier-Acoustic-Sunburst-Strings/dp/B07T5DMPZ3/ref=sr_1_149?keywords=guitar&qid=1693255591&sr=8-149
Cort,Cort AD810 Dreadnought Acoustic Guitar sunburst,"9,699","Thursday, 31 August",Only 1 left in stock,https://www.amazon.in/Cort-AD810-Dreadnought-Acoustic-Guitar/dp/B07G4CB8FQ/ref=sr_1_150?keywords=guitar&qid=1693255591&sr=8-150
JUAREZ,"JUAREZ Arpéggio 104.14 cm (41 Inch) Acoustic Guitar Kit, Spruce Top, Black","6,059","Thursday, 31 August",In stock,https://www.amazon.in/JUAREZ-Arp%C3%A9ggio-Acoustic-Guitar-Spruce/dp/B08KGCFXKP/ref=sr_1_151?keywords=guitar&qid=1693255591&sr=8-151
Cort,Cort GA-MEDX Electro Acoustic Guitar With Bag.(OP),"14,999","Friday, 1 September",Only 1 left in stock,https://www.amazon.in/Cort-GA-MEDX-Electro-Acoustic-Guitar/dp/B09Y3FVX6Y/ref=sr_1_152?keywords=guitar&qid=1693255591&sr=8-152
HOVNER,"Hovner 215 Royal Metallic Black F-Cut Rosewood Fretboard Acoustic Guitar With Bag,Strap,1 Set of Extra Strings and 2 Picks","4,580","Saturday, 2 September",Only 1 left in stock,https://www.amazon.in/Hovner-Royal-Metallic-Rosewood-Fretboard/dp/B09RG6ZMWL/ref=sr_1_153?keywords=guitar&qid=1693255591&sr=8-153
VAULT,Vault CL-20 4/4 size Classical Guitar With Bag,"4,799","Thursday, 31 August",In stock,https://www.amazon.in/Vault-CL-20-size-Classical-Guitar/dp/B097NB12H3/ref=sr_1_154?keywords=guitar&qid=1693255591&sr=8-154
Multi colour,Right Search ® Musical Guitar Toy_g2,299,"Saturday, 2 September",In stock,https://www.amazon.in/sspa/click?ie=UTF8&spc=MTo2MDE0NjEyOTM5NTM2NjA0OjE2OTMyNTU1OTE6c3BfbXRmOjMwMDAwODg4MjMwNzIzMjo6MDo6&url=%2FRight-Search-Musical-Guitar-Toy_g2%2Fdp%2FB09Z9DP9NR%2Fref%3Dsr_1_155_sspa%3Fkeywords%3Dguitar%26qid%3D1693255591%26sr%3D8-155-spons%26sp_csd%3Dd2lkZ2V0TmFtZT1zcF9tdGY%26psc%3D1
blueberry,"Blueberry B40L, 40"" Acoustic Guitar Kit Inbuilt Truss Rod with Bag, Strap, One Pack Strings And Picks (Blueburst)","4,290","Monday, 4 September",In stock,https://www.amazon.in/sspa/click?ie=UTF8&spc=MTo2MDE0NjEyOTM5NTM2NjA0OjE2OTMyNTU1OTE6c3BfbXRmOjIwMDc4MzM2ODg4OTk4OjowOjo&url=%2FBlueberry-Acoustic-Guitar-Inbuilt-Strings%2Fdp%2FB07XBS8QQW%2Fref%3Dsr_1_156_sspa%3Fkeywords%3Dguitar%26qid%3D1693255591%26sr%3D8-156-spons%26sp_csd%3Dd2lkZ2V0TmFtZT1zcF9tdGY%26psc%3D1
IMAGINEA,Imaginea® 40 inch Acoustic Guitar for Beginner Electric Guitar Premium Wood Curved Cutaway Design Acoustic Guitar with Carry Bag Accessories Melody Maestro Guitar an Incredible Guitar for music,"5,499","Saturday, 2 September",In stock,https://www.amazon.in/sspa/click?ie=UTF8&spc=MTo2MDE0NjEyOTM5NTM2NjA0OjE2OTMyNTU1OTE6c3BfbXRmOjMwMDAzMTMwMTY1MjczMjo6MDo6&url=%2FImaginea%25C2%25AE-Acoustic-Beginner-Accessories-Incredible%2Fdp%2FB0CDS6Q6CF%2Fref%3Dsr_1_157_sspa%3Fkeywords%3Dguitar%26qid%3D1693255591%26sr%3D8-157-spons%26sp_csd%3Dd2lkZ2V0TmFtZT1zcF9tdGY%26psc%3D1
blueberry,"Blueberry, VIP-301, 30Inch Acoustic Guitar Kit With Bag, Belt, String Sets And 2 Picks Natural","3,290","Monday, 4 September",In stock,https://www.amazon.in/sspa/click?ie=UTF8&spc=MTo2MDE0NjEyOTM5NTM2NjA0OjE2OTMyNTU1OTE6c3BfbXRmOjIwMTI3OTkwMDI4OTk4OjowOjo&url=%2FBlueberry-VIP-301-30Inch-Acoustic-Natural%2Fdp%2FB0BVVFNXMD%2Fref%3Dsr_1_158_sspa%3Fkeywords%3Dguitar%26qid%3D1693255591%26sr%3D8-158-spons%26sp_csd%3Dd2lkZ2V0TmFtZT1zcF9tdGY%26psc%3D1
DEVICE OF URBAN INFOTECH,DEVICE OF URBAN INFOTECH 40 inch Acoustic Guitar for Beginners Adults Premium Wood Curved Cutaway Design Acoustic Guitar Kit with Carrying Gig Bag Guitar for Adults Starters Students (Beige),"5,449","Saturday, 2 September",In stock,https://www.amazon.in/DEVICE-URBAN-INFOTECH-Acoustic-Beginners/dp/B0CDS672C5/ref=sr_1_159?keywords=guitar&qid=1693255591&sr=8-159
Kadence,Kadence Acoustic guitar left hand guitar Black,"6,999","Saturday, 2 September",In stock,https://www.amazon.in/Kadence-Acoustica-Mahagony-Handed-Acoustic/dp/B07GS7N6TG/ref=sr_1_160?keywords=guitar&qid=1693255591&sr=8-160
JUAREZ,"Juarez 41 Inch Acoustic Guitar Kit with Truss Rod, Solid Linden Wood, Ziko Strings, Pearl Rosette, Rosewood Fretboard & Bridge, Die Cast Machine with Picks, Strap, Strings & Bag, High Gloss Black","3,989","Thursday, 31 August",In stock,https://www.amazon.in/Acoustic-Strings-Rosette-Rosewood-Fretboard/dp/B09FPQX7RN/ref=sr_1_161?keywords=guitar&qid=1693255591&sr=8-161
VAULT,Vault ST1 Premium Electric Guitar - Black,"7,999","Thursday, 31 August",In stock,https://www.amazon.in/Vault-ST1-Premium-Electric-Guitar/dp/B09GLZV36M/ref=sr_1_162?keywords=guitar&qid=1693255591&sr=8-162
VAULT,Vault Artisan Premium Acoustic Guitar with Solid Spruce Top and Solid Mahogany Back and Sides Natural,"23,274","Thursday, 31 August",In stock,https://www.amazon.in/Vault-Artisan-Premium-Acoustic-Guitar/dp/B09P179GCM/ref=sr_1_163?keywords=guitar&qid=1693255591&sr=8-163
Epiphone,"Epiphone SG Muse 6 String Right Handed Electric Guitar, Inspired by Gibson Series, Smoked Almond Metallic","35,441","Friday, 1 September",In stock,https://www.amazon.in/Epiphone-String-Electric-Inspired-Metallic/dp/B08BGCW2GB/ref=sr_1_164?keywords=guitar&qid=1693255591&sr=8-164
Epiphone,Epiphone Dove Pro Acoustic Electric Guitar,"43,900","Sunday, 3 September",Only 1 left in stock,https://www.amazon.in/Epiphone-EEDVVBNH1-Acoustic-Electric-Guitar/dp/B00ADVITGS/ref=sr_1_165?keywords=guitar&qid=1693255591&sr=8-165
Fender,"Fender 0971210521 (FA-125 Dreadnought w/bag, Walnut Fingerboard, Natural)","11,999","Thursday, 31 August",In stock,https://www.amazon.in/Fender-Alternative-String-Acoustic-971210521/dp/B07LD8RZVR/ref=sr_1_166?keywords=guitar&qid=1693255591&sr=8-166
Pluto,Pluto HW41C-201 Left Handed Acoustic Guitar Natural,"6,900","Thursday, 31 August",In stock,https://www.amazon.in/Pluto-HW41CL201NAT-HW41C-201-Acoustic-Guitar/dp/B099WQRRXV/ref=sr_1_167?keywords=guitar&qid=1693255591&sr=8-167
Kadence,"Kadence, Chronicle Series Electric Bass Guitar, Natural Ash Wood with P-J Pickup, 2 Tone and 2 Volume Control","12,999","Saturday, 2 September",In stock,https://www.amazon.in/Kadence-Chronicle-Electric-Natural-Control/dp/B071YF4P7D/ref=sr_1_168?keywords=guitar&qid=1693255591&sr=8-168
Fender,Fender Acoustic Guitar Dreadnought CD60 V3 Natural 970110521,"12,443","Thursday, 31 August",In stock,https://www.amazon.in/Fender-Dread-String-Acoustic-Guitar/dp/B07RL6VG3H/ref=sr_1_169?keywords=guitar&qid=1693255591&sr=8-169
YAMAHA,"Yamaha Electric-Acoustic Guitar FSX80C Dreadnought With With Mexa Guitar Bag, Guitar Belt, Guitar Stand, String Set & Plectrums.(NT)","13,790","Sunday, 3 September",In stock,https://www.amazon.in/Yamaha-Electric-Acoustic-FSX80C-Dreadnought-Plectrums/dp/B09HSJ6GPQ/ref=sr_1_170?keywords=guitar&qid=1693255591&sr=8-170
JUAREZ,"Juârez JRZ38C/ZEB 6 Strings Acoustic Guitar 38 Inch Cutaway, Right Handed, Zebrawood with Bag, Strings, Picks and Strap","2,949","Thursday, 31 August",In stock,https://www.amazon.in/Juarez-Strings-Acoustic-Cutaway-Zebrawood/dp/B072Q9L8DG/ref=sr_1_171?keywords=guitar&qid=1693255591&sr=8-171
ORANGEWOOD GUITARS,ORANGEWOOD GUITARS Rey-M Grand Auditorium Cutaway Layered Mahogany Top 41 Inches Acoustic Guitar,"15,469","Sunday, 3 September",In stock,https://www.amazon.in/Orangewood-Auditorium-Acoustic-Mahogany-Earthwood/dp/B07BN7JMX3/ref=sr_1_172?keywords=guitar&qid=1693255591&sr=8-172
Fender,Fender Acoustic Guitar Dreadnought Solid CD60S Natural 970110021,"17,500","Thursday, 31 August",In stock,https://www.amazon.in/Fender-60S-Dreadnought-Acoustic-Guitar/dp/B01MRA2W8L/ref=sr_1_173?keywords=guitar&qid=1693255591&sr=8-173
Fender,Fender Acoustic Guitar 3/4 Size FA-15 Matt Natural with Bag 971170135,"16,350","Friday, 1 September",Only 2 left in stock,https://www.amazon.in/Fender-0971170135-Acoustic-Guitar/dp/B08PJRGZ98/ref=sr_1_174?keywords=guitar&qid=1693255591&sr=8-174
DEVICE OF URBAN INFOTECH,DEVICE OF URBAN INFOTECH 41 inch Acoustic Guitar for Beginners Adults Premium Wood Sunburst Curved Cutaway Design Acoustic Guitar Kit with Carry Bag Guitar for Adults Starters,"5,156","Saturday, 2 September",In stock,https://www.amazon.in/DEVICE-URBAN-INFOTECH-Acoustic-Beginners/dp/B0C6DVVVCC/ref=sr_1_175?keywords=guitar&qid=1693255591&sr=8-175
Kadence,"Kadence Acoustica Series, Semi Acoustic Guitar Spruce Top","7,999","Saturday, 2 September",In stock,https://www.amazon.in/Kadence-Acoustica-Acoustic-Guitar-Spruce/dp/B08L7XW5SR/ref=sr_1_176?keywords=guitar&qid=1693255591&sr=8-176
Cort,Cort AF510E Semi-Acoustic Guitar - Black,"12,559","Friday, 1 September",Only 1 left in stock,https://www.amazon.in/Cort-AF510E-Semi-Acoustic-Guitar-Black/dp/B00L5F93DE/ref=sr_1_177?keywords=guitar&qid=1693255591&sr=8-177
VAULT,Vault PA36 Parlor Body Compact Acoustic Guitar with Standard Scale Length Natural,"7,124","Thursday, 31 August",In stock,https://www.amazon.in/Parlor-Compact-Acoustic-Guitar-Standard/dp/B0BJK1332J/ref=sr_1_178?keywords=guitar&qid=1693255591&sr=8-178
Fender,Fender Acoustic Guitar Dreadnought Solid CD60S Mahogany 970110022,"18,091","Thursday, 31 August",In stock,https://www.amazon.in/Fender-CD-60S-Dreadnought-Acoustic-Guitar/dp/B07FYBLG93/ref=sr_1_179?keywords=guitar&qid=1693255591&sr=8-179
-,Kadence 12 strings Slowhand Premium Black Spruce wood Semi Acoustic Guitar KSH04-12EQ,"12,999","Saturday, 2 September",In stock,https://www.amazon.in/Kadence-strings-Slowhand-Acoustic-KSH04-12EQ/dp/B0CGDG462X/ref=sr_1_180?keywords=guitar&qid=1693255591&sr=8-180
VAULT,Vault LP1 Les Paul Style Electric Guitar - Tobacco Sunburst,"11,199","Thursday, 31 August",In stock,https://www.amazon.in/Vault-LP1MN-Style-Electric-Guitar/dp/B06VVSDM5K/ref=sr_1_181?keywords=guitar&qid=1693255591&sr=8-181
YAMAHA,"Yamaha APX600 NA Thin Body Acoustic-Electric Guitar, Natural","27,979",9 - 12 September,Only 1 left in stock,https://www.amazon.in/Yamaha-APX600-NA-Acoustic-Electric-Natural/dp/B078WYGGHS/ref=sr_1_182?keywords=guitar&qid=1693255591&sr=8-182
YAMAHA,"Yamaha FG 800 Folk Acoustic Guitar, Natural","19,990",8 - 11 September,Only 2 left in stock,https://www.amazon.in/Yamaha-Folk-Acoustic-Guitar-Natural/dp/B01C92QHLC/ref=sr_1_183?keywords=guitar&qid=1693255591&sr=8-183
JUAREZ,"JUAREZ Arpeggio Guitar JRA39SR-BL-K, blue","7,108","Thursday, 31 August",In stock,https://www.amazon.in/JUAREZ-Arpeggio-Guitar-JRA39SR-BL-K-blue/dp/B08MWB5Y67/ref=sr_1_184?keywords=guitar&qid=1693255591&sr=8-184
JUAREZ,"JUAREZ Arpeggio 39 Inch Acoustic Guitar Kit, Spruce Top, Rosewood Fretboard & Bridge, Truss Rod, Chrome Die Cast Machine Tuners, Red","5,979","Thursday, 31 August",In stock,https://www.amazon.in/JUAREZ-Arpeggio-Acoustic-Rosewood-Fretboard/dp/B08LBJ8PTM/ref=sr_1_185?keywords=guitar&qid=1693255591&sr=8-185
YAMAHA,Yamaha FSX80C Semi acoustic cutaway guitar (natural),"12,704","Saturday, 2 September",In stock,https://www.amazon.in/Yamaha-FSX80C-Acoustic-Cutaway-Natural/dp/B09HL3GFZF/ref=sr_1_186?keywords=guitar&qid=1693255591&sr=8-186
Kadence,"Kadence Astro Man Electric Guitar, with Free learning course 24 FRETS, H- S - S PICK UPS Walnut Top with Alder wood Back and Sides (white) With Amplifier","9,999","Thursday, 31 August",In stock,https://www.amazon.in/Kadence-Astro-Electric-Guitar-FRETS/dp/B09YHPH1MZ/ref=sr_1_187?keywords=guitar&qid=1693255591&sr=8-187
Cort,"Cort SFX-MEM Electro Acoustic Guitar - Open Pore, Mahogany, SFXMEMOP (SFXMEMOP)","15,884","Thursday, 31 August",Only 1 left in stock,https://www.amazon.in/Cort-SFX-MEM-Electro-Acoustic-Guitar/dp/B0915ZCZWK/ref=sr_1_188?keywords=guitar&qid=1693255591&sr=8-188
JUAREZ,"JUAREZ Arpeggio 99.06 cm (39 Inch) Acoustic Guitar Kit, Spruce Top, Rosewood Fretboard & Bridge, Truss Rod, Chrome Die Cast Machine Tuners, Black","5,979","Thursday, 31 August",In stock,https://www.amazon.in/JUAREZ-Arpeggio-Acoustic-Rosewood-Fretboard/dp/B08LBHB547/ref=sr_1_189?keywords=guitar&qid=1693255591&sr=8-189
VAULT,Vault JB4 Jazz Bass 4-String Bass Guitar - Black,"9,999","Thursday, 31 August",In stock,https://www.amazon.in/Vault-Jazz-Bass-4-String-Guitar/dp/B09ZXGM7C3/ref=sr_1_190?keywords=guitar&qid=1693255591&sr=8-190
blueberry,"Blueberry, VIP-361, 36Inch Acoustic Guitar Kit With Bag, Belt, String Set And 2 Picks Natural","3,290","Monday, 4 September",In stock,https://www.amazon.in/sspa/click?ie=UTF8&spc=MTo2MDE0NjEyOTM5NTM2NjA0OjE2OTMyNTU1OTE6c3BfYnRmOjIwMTI3OTkwMDI4ODk4OjowOjo&url=%2FBlueberry-VIP-361-36Inch-Acoustic-Natural%2Fdp%2FB0BVVKLLJN%2Fref%3Dsr_1_191_sspa%3Fkeywords%3Dguitar%26qid%3D1693255591%26sr%3D8-191-spons%26sp_csd%3Dd2lkZ2V0TmFtZT1zcF9idGY%26psc%3D1
blueberry,"Blueberry B-D38, 38"" Acoustic Guitar Kit Inbuilt Truss Rod, with Bag, Strap, One Pack Strings And Picks (MAROON BROWN)","2,895","Monday, 4 September",In stock,https://www.amazon.in/sspa/click?ie=UTF8&spc=MTo2MDE0NjEyOTM5NTM2NjA0OjE2OTMyNTU1OTE6c3BfYnRmOjIwMDc4MzM2ODg1MDk4OjowOjo&url=%2FBlueberry-B-D38-Acoustic-Inbuilt-Strings%2Fdp%2FB0B74CSY9V%2Fref%3Dsr_1_192_sspa%3Fkeywords%3Dguitar%26qid%3D1693255591%26sr%3D8-192-spons%26sp_csd%3Dd2lkZ2V0TmFtZT1zcF9idGY%26psc%3D1
blueberry,"Blueberry, VIP-384, 38Inch Cutaway Acoustic Guitar Kit With Bag, Belt, String Set And 2 Picks Natural","3,290","Monday, 4 September",In stock,https://www.amazon.in/sspa/click?ie=UTF8&spc=MTo2MDE0NjEyOTM5NTM2NjA0OjE2OTMyNTU1OTE6c3BfYnRmOjIwMTI3OTkwMDI4MTk4OjowOjo&url=%2FBlueberry-VIP-384-Cutaway-Acoustic-Natural%2Fdp%2FB0BVW5TLPN%2Fref%3Dsr_1_193_sspa%3Fkeywords%3Dguitar%26qid%3D1693255591%26sr%3D8-193-spons%26sp_csd%3Dd2lkZ2V0TmFtZT1zcF9idGY%26psc%3D1
blueberry,"Blueberry B-G41S, 41 Inch Acoustic Guitar Kit Inbuilt Truss Rod, with Bag,Belt, One Pack Strings And Picks (Brown) (Natural brown)","6,500","Monday, 4 September",Only 1 left in stock,https://www.amazon.in/sspa/click?ie=UTF8&spc=MTo2MDE0NjEyOTM5NTM2NjA0OjE2OTMyNTU1OTE6c3BfYnRmOjIwMDc4MzM2ODg5NDk4OjowOjo&url=%2FBlueberry-B-G41S-Acoustic-Inbuilt-Strings%2Fdp%2FB07PKQGC3D%2Fref%3Dsr_1_194_sspa%3Fkeywords%3Dguitar%26qid%3D1693255591%26sr%3D8-194-spons%26sp_csd%3Dd2lkZ2V0TmFtZT1zcF9idGY%26psc%3D1
