Brand,Prouduct Name,Price,Expected Delivary,Return-Exchange,Availibilty,Img Url
Kadence,"Kadence rosewood Guitar Frontier Series, Electric Acoustic Black Guitar With EQ, Die Cast Keys, Set Of Strings, Strap, Picks And Bag (Black EQ, Electric Acoustic)","4,999","Saturday, 2 September",7 days Replacement,In stock,https://www.amazon.in/sspa/click?ie=UTF8&spc=MTo1NzUxNDAxNTExMjkwNjA1OjE2OTMzMTQ0NDQ6c3BfYXRmOjMwMDAxNTUzNzk3OTIzMjo6MDo6&url=%2FKadence-Frontier-Acoustic-Guitar-Strings%2Fdp%2FB078GTJP5Y%2Fref%3Dsr_1_1_sspa%3Fkeywords%3Dguitar%26qid%3D1693314444%26sr%3D8-1-spons%26sp_csd%3Dd2lkZ2V0TmFtZT1zcF9hdGY%26psc%3D1
Medellin,"Medellin Acoustic Guitar (with guitar learning course) Neon Orange (Combo, Strings,Bag,Picks and guitar course)","2,499","Saturday, 2 September",7 days Replacement,In stock,https://www.amazon.in/sspa/click?ie=UTF8&spc=MTo1NzUxNDAxNTExMjkwNjA1OjE2OTMzMTQ0NDQ6c3BfYXRmOjMwMDAyNTIxNzI0MTYzMjo6MDo6&url=%2FMedellin-Acoustic-Guitar-learning-Strings%2Fdp%2FB0CCNSN6S4%2Fref%3Dsr_1_2_sspa%3Fkeywords%3Dguitar%26qid%3D1693314444%26sr%3D8-2-spons%26sp_csd%3Dd2lkZ2V0TmFtZT1zcF9hdGY%26psc%3D1
Kadence,"Kadence Slowhand Premium Jumbo Semi Acoustic Guitar with Heavy Padded Bag, guitar cable, Pro Capo (Black Spruce Wood)","11,999","Saturday, 2 September",7 days Replacement,In stock,https://www.amazon.in/sspa/click?ie=UTF8&spc=MTo1NzUxNDAxNTExMjkwNjA1OjE2OTMzMTQ0NDQ6c3BfYXRmOjIwMDU3MTkzMDU2MjA0OjowOjo&url=%2FKadence-Slowhand-Premium-Acoustic-Instrument%2Fdp%2FB077SZ667X%2Fref%3Dsr_1_3_sspa%3Fkeywords%3Dguitar%26qid%3D1693314444%26sr%3D8-3-spons%26sp_csd%3Dd2lkZ2V0TmFtZT1zcF9hdGY%26psc%3D1
Medellin,"Medellin Acoustic Guitar (with guitar learning course) Neon Pink (Combo, Strings,Bag,Picks and guitar course)","2,499","Sunday, 3 September",7 days Replacement,Only 1 left in stock,https://www.amazon.in/sspa/click?ie=UTF8&spc=MTo1NzUxNDAxNTExMjkwNjA1OjE2OTMzMTQ0NDQ6c3BfYXRmOjMwMDAyNTIxNzI0MTczMjo6MDo6&url=%2FMedellin-Acoustic-Guitar-learning-Strings%2Fdp%2FB0CCNSN9BV%2Fref%3Dsr_1_4_sspa%3Fkeywords%3Dguitar%26qid%3D1693314444%26sr%3D8-4-spons%26sp_csd%3Dd2lkZ2V0TmFtZT1zcF9hdGY%26psc%3D1
JUAREZ,"Juârez Acoustic Guitar, 38 Inch Cutaway, 038C with Bag, Strings, Pick and Strap, Black","1,999","Thursday, 31 August",7 days Replacement,In stock,https://www.amazon.in/Juarez-Acoustic-Cutaway-038C-Strings/dp/B017NPCSLI/ref=sr_1_5?keywords=guitar&qid=1693314444&sr=8-5
YAMAHA,"Yamaha F280 Acoustic Rosewood Guitar (Natural, Beige)","7,399","Thursday, 31 August",7 days Replacement,In stock,https://www.amazon.in/Yamaha-F280-Acoustic-Guitar-Natural/dp/B08317Y4VP/ref=sr_1_6?keywords=guitar&qid=1693314444&sr=8-6
Intern,"Intern INT-38C Lindenwood Acoustic Guitar Kit (Sunburst) With Carry Bag, Picks, Strings Set And Guitar Strap (Small)","2,049","Thursday, 31 August",7 days Replacement,In stock,https://www.amazon.in/Intern-INT-38C-Acoustic-Guitar-Sunburst/dp/B073B5MJRM/ref=sr_1_7?keywords=guitar&qid=1693314444&sr=8-7
-,-,-,-,-,-,https://www.amazon.in/JUAREZ-JRZ38C-Acoustic-Sunburst-Strings/dp/B01FYYTDS6/ref=sr_1_8?keywords=guitar&qid=1693314444&sr=8-8
Fender,Fender Acoustic Guitar Dreadnought CD60 V3 Black 970110506,"12,500","Thursday, 31 August",7 days Replacement,In stock,https://www.amazon.in/Fender-Dread-String-Acoustic-Guitar/dp/B07RM4B5LJ/ref=sr_1_9?keywords=guitar&qid=1693314444&sr=8-9
-,-,-,-,-,-,https://www.amazon.in/JUAREZ-JRZ38C-Acoustic-Sunburst-Strings/dp/B01FYYTDTU/ref=sr_1_10?keywords=guitar&qid=1693314444&sr=8-10
-,-,-,-,-,-,https://www.amazon.in/Juarez-JRZ-ST01-6-String-Electric-Without/dp/B01FYZSOHG/ref=sr_1_11?keywords=guitar&qid=1693314444&sr=8-11
Intern,"Intern 38C Acoustic Steel-string Guitar Premium White Cutaway Design with carry bag, strings, guitar strap and plectrums (INT-38C-WH)","2,149","Thursday, 31 August",7 days Replacement,In stock,https://www.amazon.in/Intern-Acoustic-Steel-string-plectrums-INT-38C-WH/dp/B09LR94Z2X/ref=sr_1_12?keywords=guitar&qid=1693314444&sr=8-12
Kadence,"Kadence Frontier Acoustic Guitar 40"" with Learning Course, Die cast keys, with Combo (Bag,strap,strings And 3 picks) (Blue, Acoustic)","4,499","Thursday, 31 August",7 days Replacement,In stock,https://www.amazon.in/Kadence-Frontier-Acoustic-Wihtout-strings/dp/B08PKJGRJB/ref=sr_1_13?keywords=guitar&qid=1693314444&sr=8-13
-,-,-,-,-,-,https://www.amazon.in/Juarez-JRZ-ST01-6-String-Electric-Without/dp/B01FYZSOGM/ref=sr_1_14?keywords=guitar&qid=1693314444&sr=8-14
YAMAHA,"Yamaha FS100C Acoustic Guitar, Black","10,490","Friday, 8 September",7 days Replacement,In stock,https://www.amazon.in/Yamaha-FS-100C-6-String-Acoustic-without/dp/B00PAS9CK6/ref=sr_1_15?keywords=guitar&qid=1693314444&sr=8-15
-,-,-,-,-,-,https://www.amazon.in/Yamaha-F370-Acoustic-Guitar-Natural/dp/B000WITPJM/ref=sr_1_16?keywords=guitar&qid=1693314444&sr=8-16
REVEL,Revel 38 Inches Lindenwood Cutaway Design Acoustic Guitar With Carry Bag And Plectrums. (sunburst),"2,049","Thursday, 31 August",7 days Replacement,In stock,https://www.amazon.in/Lindenwood-Cutaway-Acoustic-Plectrums-sunburst/dp/B085HV4YW7/ref=sr_1_17?keywords=guitar&qid=1693314444&sr=8-17
Henrix,"Henrix 38C 38 Inch Cutaway Acoustic Guitar With Dual Action Truss Rod, Gigbag, Picks, String Set, String Winder, Strap, Polishing Cloth & Ebook - Black","2,999","Thursday, 31 August",7 days Replacement,In stock,https://www.amazon.in/Henrix-Acoustic-Guitar-Die-cast-Dual-action/dp/B07VNDW6QF/ref=sr_1_18?keywords=guitar&qid=1693314444&sr=8-18
allmusicmart,"“ALL WOODEN” 38” INCH Guitar Combo Pack For Beginner Adults Childs Starter Bundle Kit,Dual Action Truss Rod, Gigbag, Picks, String Set, String Winder,Strap,Matt Black","2,450","Monday, 4 September",7 days Replacement,In stock,https://www.amazon.in/WOODEN-Guitar-Beginner-Adults-Starter/dp/B0C816MJ4Y/ref=sr_1_19?keywords=guitar&qid=1693314444&sr=8-19
Medellin,"Medellin 38"" Acoustic Guitar premium wood with adjustable Truss-rod, free online learning course, Set Of Strings, Strap, Bag and 3 Picks (black)","2,649","Saturday, 2 September",7 days Replacement,In stock,https://www.amazon.in/Medellin-Acoustic-adjustable-Truss-rod-learning/dp/B0BMKHTNX1/ref=sr_1_20?keywords=guitar&qid=1693314444&sr=8-20
allmusicmart,"“ALL WOODEN” 38” INCH Guitar Combo Pack For Beginner Adults Childs Starter Bundle Kit,Dual Action Truss Rod, Gigbag, Picks, String Set, String Winder,Strap,Matt Black","2,450","Monday, 4 September",7 days Replacement,In stock,https://www.amazon.in/sspa/click?ie=UTF8&spc=MTo1NzUxNDAxNTExMjkwNjA1OjE2OTMzMTQ0NDQ6c3BfbXRmOjMwMDAwODEwODIwNDAzMjo6MDo6&url=%2FWOODEN-Guitar-Beginner-Adults-Starter%2Fdp%2FB0C816MJ4Y%2Fref%3Dsr_1_21_sspa%3Fkeywords%3Dguitar%26qid%3D1693314444%26sr%3D8-21-spons%26sp_csd%3Dd2lkZ2V0TmFtZT1zcF9tdGY%26psc%3D1
VAULT,"Vault DA20 Dreadnought Acoustic Guitar With Gig-Bag, Picks, Strings Set, String Winder, Strap, Polishing Cloth And Allen Key","4,899","Thursday, 31 August",7 days Replacement,In stock,https://www.amazon.in/sspa/click?ie=UTF8&spc=MTo1NzUxNDAxNTExMjkwNjA1OjE2OTMzMTQ0NDQ6c3BfbXRmOjIwMDkyNjI0MDIxNTk4OjowOjo&url=%2FDreadnought-Acoustic-Gig-Bag-Strings-Polishing%2Fdp%2FB0BJJRJVHY%2Fref%3Dsr_1_22_sspa%3Fkeywords%3Dguitar%26qid%3D1693314444%26sr%3D8-22-spons%26sp_csd%3Dd2lkZ2V0TmFtZT1zcF9tdGY%26psc%3D1
Guitar Bro,-,-,-,-,-,https://www.amazon.in/sspa/click?ie=UTF8&spc=MTo1NzUxNDAxNTExMjkwNjA1OjE2OTMzMTQ0NDQ6c3BfbXRmOjIwMDQ5MTI5MTM2MjAxOjowOjo&url=%2FGUITAR-BRO-Acoustic-Beginner-Accessories%2Fdp%2FB07T84GC8L%2Fref%3Dsr_1_23_sspa%3Fkeywords%3Dguitar%26qid%3D1693314444%26sr%3D8-23-spons%26sp_csd%3Dd2lkZ2V0TmFtZT1zcF9tdGY%26psc%3D1
VAULT,"Vault Traveller 34 Inch Acoustic Guitar With Truss Rod, Gig-Bag, Strap, Strings, Polishing Cloth, String Winder, Picks & E-Book - Natural Gloss","4,084","Thursday, 31 August",7 days Replacement,In stock,https://www.amazon.in/sspa/click?ie=UTF8&spc=MTo1NzUxNDAxNTExMjkwNjA1OjE2OTMzMTQ0NDQ6c3BfbXRmOjIwMDM2MjQ0NTU5NTk4OjowOjo&url=%2FTraveller-Acoustic-Guitar-Strings-Polishing%2Fdp%2FB07RK9962M%2Fref%3Dsr_1_24_sspa%3Fkeywords%3Dguitar%26qid%3D1693314444%26sr%3D8-24-spons%26sp_csd%3Dd2lkZ2V0TmFtZT1zcF9tdGY%26psc%3D1
-,-,-,-,-,-,https://www.amazon.in/Juarez-Acoustic-Guitar-Cutaway-Strings/dp/B076QHZ4HZ/ref=sr_1_25?keywords=guitar&qid=1693314444&sr=8-25
Intern,Intern 38C Ebony Wood Cutaway Design Acoustic Guitar with Picks And Carry Bag (Black),"2,099","Thursday, 31 August",7 days Replacement,In stock,https://www.amazon.in/Intern-38-inch-Cutaway-Design-Acoustic/dp/B07X4PN85R/ref=sr_1_26?keywords=guitar&qid=1693314444&sr=8-26
YAMAHA,"Yamaha F280 Acoustic wood Guitar, Tobacco own Sunburst With Bajaao Gig bag","8,499","Saturday, 2 September",7 days Replacement,In stock,https://www.amazon.in/Yamaha-Acoustic-Tobacco-Sunburst-Bajaao/dp/B09PBDGD82/ref=sr_1_27?keywords=guitar&qid=1693314444&sr=8-27
Intern,Intern INT-38C Acoustic Guitar Kit (Red),"2,099","Thursday, 31 August",7 days Replacement,In stock,https://www.amazon.in/Intern-INT-38C-Acoustic-Guitar-Kit/dp/B073B6TF31/ref=sr_1_28?keywords=guitar&qid=1693314444&sr=8-28
-,-,-,-,-,-,https://www.amazon.in/Medellin-Acoustic-Guitar-Carbon-Learning/dp/B09MSFP7JK/ref=sr_1_29?keywords=guitar&qid=1693314444&sr=8-29
VAULT,"Vault EA20 Guitar Kit with Learn to Play Ebook, Bag, Strings, Straps, Picks, String winder & Polishing Cloth - 40 inch Cutaway Acoustic Guitar Black","4,654","Thursday, 31 August",7 days Replacement,In stock,https://www.amazon.in/Guitar-Strings-Straps-String-Polishing/dp/B097N7NGHD/ref=sr_1_30?keywords=guitar&qid=1693314444&sr=8-30
JUAREZ,"Juârez JRZ38C/WH 6 Strings Acoustic Guitar 38 Inch Cutaway, Right Handed, White with Bag, Strings, Picks and Strap","2,649","Thursday, 31 August",7 days Replacement,In stock,https://www.amazon.in/Ju%C3%A2rez-JRZ38C-WH-Strings-Acoustic/dp/B072MFK4L6/ref=sr_1_31?keywords=guitar&qid=1693314444&sr=8-31
Intern,"Intern INT-38C-VT-G 38 Incheses Cutaway Right HAnded lindenwood Acoustic Guitar Kit, With Bag, Strings, Pick And Strap (Violet, 6-Strings)","2,469","Thursday, 31 August",7 days Replacement,In stock,https://www.amazon.in/Intern-INT-38C-VT-G-Guitar-Kit-Violet/dp/B07K8YJXKL/ref=sr_1_32?keywords=guitar&qid=1693314444&sr=8-32
JUAREZ,"JUAREZ JRZ38C 38 Inches Lindenwood Right Handed Acoustic Guitar With Bag, Strings, Pick And Strap (Natural, Brown, 6 Strings)","2,649","Thursday, 31 August",7 days Replacement,In stock,https://www.amazon.in/JUAREZ-JRZ38C-Acoustic-Natural-Strings/dp/B01FYYTDWC/ref=sr_1_33?keywords=guitar&qid=1693314444&sr=8-33
enya,"Enya Nova Go Carbon Fiber Acoustic Guitar 1/2 Size Beginner Adult Travel Acustica Guitarra w/Starter Bundle Kit of Colorful Packaging, Acoustic Guitar Strap, Gig Bag, Cleaning Cloth, String(White)","16,500","Thursday, 31 August",7 days Replacement,Only 2 left in stock,https://www.amazon.in/Acoustic-Beginner-Acustica-Guitarra-Packaging/dp/B09JNTBFMC/ref=sr_1_34?keywords=guitar&qid=1693314444&sr=8-34
Intern,Intern INT-38C Acoustic Guitar Kit (Blue),"2,099","Saturday, 2 September",7 days Replacement,In stock,https://www.amazon.in/Intern-INT-38C-Acoustic-Guitar-Blue/dp/B073B5RZBV/ref=sr_1_35?keywords=guitar&qid=1693314444&sr=8-35
YAMAHA,YAMAHA FS80C NATURAL CONCERT CUTAWAY GUITAR,"8,091","Tuesday, 5 September",7 days Replacement,In stock,https://www.amazon.in/YAMAHA-NATURAL-CONCERT-CUTAWAY-GUITAR/dp/B08KW4DRKL/ref=sr_1_36?keywords=guitar&qid=1693314444&sr=8-36
Intern,Intern INT-38C Natural Linden Wood Acoustic Guitar Kit with Carry Bag & Picks,"2,099","Thursday, 31 August",7 days Replacement,In stock,https://www.amazon.in/Intern-INT-38C-Natural-Acoustic-Guitar/dp/B07X4LPJ6H/ref=sr_1_37?keywords=guitar&qid=1693314444&sr=8-37
-,-,-,-,-,-,https://www.amazon.in/Acoustic-plectrums-stability-resistance-Electric/dp/B09YH937P2/ref=sr_1_38?keywords=guitar&qid=1693314444&sr=8-38
Intern,"Intern INT-38C-BK-G Cutaway Right Handed Acoustic Guitar Kit, with Bag, Nickel Strings, Pick And Strap (Black) -6 Strings","2,019","Thursday, 31 August",7 days Replacement,In stock,https://www.amazon.in/Intern-INT-38C-BK-G-Guitar-Kit-Black/dp/B07K9497RC/ref=sr_1_39?keywords=guitar&qid=1693314444&sr=8-39
Intern,"INTERN Cutaway Design Acoustic Guitar Pack -Humidity Proof, Bend resistance, Durable Action, Natural tone & bright resonance. Black Carbon Fibre/Fiber Guitar with Bag, Strap, Strings set & Plectrums.","2,699","Thursday, 31 August",7 days Replacement,In stock,https://www.amazon.in/Acoustic-Humidity-resistance-resonance-Plectrums/dp/B09RQZ6HM2/ref=sr_1_40?keywords=guitar&qid=1693314444&sr=8-40
Intern,Intern Int-38c Sunburst Linden Wood Acoustic Guitar Kit with Carry Bag and Picks,"2,099","Thursday, 31 August",7 days Replacement,In stock,https://www.amazon.in/Intern-INT-38C-Sunburst-Acoustic-Guitar/dp/B07X1J4D3Z/ref=sr_1_41?keywords=guitar&qid=1693314444&sr=8-41
VAULT,Vault EA40 41 inch Premium Solid Spruce-Top Cutaway Acoustic Guitar Natural,"6,934","Thursday, 31 August",7 days Replacement,In stock,https://www.amazon.in/Premium-Spruce-Top-Cutaway-Acoustic-Guitar/dp/B08FFZY6BJ/ref=sr_1_42?keywords=guitar&qid=1693314444&sr=8-42
-,-,-,-,-,-,https://www.amazon.in/Ibanez-IBA-MD39CNT-Acoustic-Guitar-MD39C-NT/dp/B07G4CCMYL/ref=sr_1_43?keywords=guitar&qid=1693314444&sr=8-43
Medellin,"Medellin Acoustic Guitar (with guitar learning course) Neon Pink (Combo, Strings,Bag,Picks and guitar course)","2,499","Sunday, 3 September",7 days Replacement,Only 1 left in stock,https://www.amazon.in/Medellin-Acoustic-Guitar-learning-Strings/dp/B0CCNSN9BV/ref=sr_1_44?keywords=guitar&qid=1693314444&sr=8-44
-,-,-,-,-,-,https://www.amazon.in/Yamaha-FX280-acoustic-Dreadnought-Natural/dp/B09HR6BNFQ/ref=sr_1_45?keywords=guitar&qid=1693314444&sr=8-45
MUSTANG,-,-,-,-,-,https://www.amazon.in/Tagima-Junior-Inch-Acoustic-Guitar/dp/B0BTBWJTGH/ref=sr_1_46?keywords=guitar&qid=1693314444&sr=8-46
YAMAHA,"Yamaha FS100C Acoustic Guitar, Natural","9,990","Friday, 8 September",7 days Replacement,In stock,https://www.amazon.in/Yamaha-FS100C-Acoustic-Guitars-Natural/dp/B00QKD79QE/ref=sr_1_47?keywords=guitar&qid=1693314444&sr=8-47
Kadence,"Kadence rosewood Guitar Frontier Series, Electric Acoustic Black Guitar With EQ, Die Cast Keys, Set Of Strings, Strap, Picks And Bag (Black EQ, Electric Acoustic)","4,999","Saturday, 2 September",7 days Replacement,In stock,https://www.amazon.in/Kadence-Frontier-Acoustic-Guitar-Strings/dp/B078GTJP5Y/ref=sr_1_48?keywords=guitar&qid=1693314444&sr=8-48
VAULT,"Vault DA20 Dreadnought Acoustic Guitar With Gig-Bag, Picks, Strings Set, String Winder, Strap, Polishing Cloth And Allen Key","4,899","Thursday, 31 August",7 days Replacement,In stock,https://www.amazon.in/Dreadnought-Acoustic-Gig-Bag-Strings-Polishing/dp/B0BJJRJVHY/ref=sr_1_49?keywords=guitar&qid=1693314444&sr=8-49
Medellin,"Medellin Acoustic Guitar (with guitar learning course) Neon Orange (Combo, Strings,Bag,Picks and guitar course)","2,499","Saturday, 2 September",7 days Replacement,In stock,https://www.amazon.in/Medellin-Acoustic-Guitar-learning-Strings/dp/B0CCNSN6S4/ref=sr_1_50?keywords=guitar&qid=1693314444&sr=8-50
VAULT,"Vault Traveller 34 Inch Acoustic Guitar With Truss Rod, Gig-Bag, Strap, Strings, Polishing Cloth, String Winder, Picks & E-Book - Natural Gloss","4,084","Thursday, 31 August",7 days Replacement,In stock,https://www.amazon.in/Traveller-Acoustic-Guitar-Strings-Polishing/dp/B07RK9962M/ref=sr_1_51?keywords=guitar&qid=1693314444&sr=8-51
Fender,Fender Acoustic Guitar Dreadnought Cutaway Electronics FA-125CE Natural Right-Hand 0971113221 One of The Most reputed Guitar Brands in the World,"18,659","Thursday, 31 August",7 days Replacement,In stock,https://www.amazon.in/Fender-FA-125CE-Dreadnought-Fingerboard-Natural/dp/B07R16NMKH/ref=sr_1_52?keywords=guitar&qid=1693314444&sr=8-52
Intern,Intern Int-38c Linden Wood Acoustic Guitar Kit with Carry Bag and Picks (Brown),"2,099","Thursday, 31 August",7 days Replacement,In stock,https://www.amazon.in/Intern-INT-38C-Brown-Acoustic-Guitar/dp/B07X2HV158/ref=sr_1_53?keywords=guitar&qid=1693314444&sr=8-53
-,-,-,-,-,-,https://www.amazon.in/YAMAHA-FS80C-CONCERT-CUTAWAY-GUITAR/dp/B08WBBVMVJ/ref=sr_1_54?keywords=guitar&qid=1693314444&sr=8-54
Cort,Cort GA-MEDX Electro Acoustic Guitar With Bag.(OP),"14,999","Saturday, 2 September",7 days Replacement,Only 1 left in stock,https://www.amazon.in/Cort-GA-MEDX-Electro-Acoustic-Guitar/dp/B09Y3FVX6Y/ref=sr_1_55?keywords=guitar&qid=1693314444&sr=8-55
Kadence,Kadence GenZ Guitar (with Guitar learning course) Acoustic Guitar with Die Cast Keys and Bag (Lavender),"5,999","Saturday, 2 September",7 days Replacement,In stock,https://www.amazon.in/Kadence-Guitar-learning-Acoustic-Lavender/dp/B0CD4CNSPJ/ref=sr_1_56?keywords=guitar&qid=1693314444&sr=8-56
IMAGINEA,Imaginea® 40 inch Acoustic Guitar for Beginner Electric Guitar Premium Wood Curved Cutaway Design Acoustic Guitar with Carry Bag Accessories Melody Maestro Guitar an Incredible Guitar for music,"5,499","Monday, 4 September",7 days Returnable,In stock,https://www.amazon.in/sspa/click?ie=UTF8&spc=MTo1NzUxNDAxNTExMjkwNjA1OjE2OTMzMTQ0NDQ6c3BfYnRmOjMwMDAzMTMwMTY1MjczMjo6MDo6&url=%2FImaginea%25C2%25AE-Acoustic-Beginner-Accessories-Incredible%2Fdp%2FB0CDS6Q6CF%2Fref%3Dsr_1_57_sspa%3Fkeywords%3Dguitar%26qid%3D1693314444%26sr%3D8-57-spons%26sp_csd%3Dd2lkZ2V0TmFtZT1zcF9idGY%26psc%3D1
musicalworks.in,-,-,-,-,-,https://www.amazon.in/sspa/click?ie=UTF8&spc=MTo1NzUxNDAxNTExMjkwNjA1OjE2OTMzMTQ0NDQ6c3BfYnRmOjMwMDAyODA5NDIzMTkzMjo6MDo6&url=%2FMusical-Guitar-Cutaway-038G-Strings%2Fdp%2FB09G1BL9PD%2Fref%3Dsr_1_58_sspa%3Fkeywords%3Dguitar%26qid%3D1693314444%26sr%3D8-58-spons%26sp_csd%3Dd2lkZ2V0TmFtZT1zcF9idGY%26psc%3D1
IMAGINEA,Imaginea® 40 inch Acoustic Guitar for Beginner Electric Guitar Premium Wood Curved Cutaway Design Acoustic Guitar with Carry Bag Accessories Melody Maestro Guitar an Incredible Guitar for music,"4,989","Monday, 4 September",7 days Replacement,In stock,https://www.amazon.in/sspa/click?ie=UTF8&spc=MTo1NzUxNDAxNTExMjkwNjA1OjE2OTMzMTQ0NDQ6c3BfYnRmOjMwMDAzMTMwMTY1MzAzMjo6MDo6&url=%2FImaginea%25C2%25AE-Acoustic-Beginner-Accessories-Incredible%2Fdp%2FB0C69RWYKB%2Fref%3Dsr_1_59_sspa%3Fkeywords%3Dguitar%26qid%3D1693314444%26sr%3D8-59-spons%26sp_csd%3Dd2lkZ2V0TmFtZT1zcF9idGY%26psc%3D1
-,-,-,-,-,-,https://www.amazon.in/sspa/click?ie=UTF8&spc=MTo1NzUxNDAxNTExMjkwNjA1OjE2OTMzMTQ0NDQ6c3BfYnRmOjMwMDA0MzU5ODE1MDUzMjo6MDo6&url=%2Fdp%2FB0CGR8MXTY%2Fref%3Dsr_1_60_sspa%3Fkeywords%3Dguitar%26qid%3D1693314444%26sr%3D8-60-spons%26sp_csd%3Dd2lkZ2V0TmFtZT1zcF9idGY%26psc%3D1
Medellin,"Medellin Acoustic Guitar (with guitar learning course) Neon Pink (Combo, Strings,Bag,Picks and guitar course)","2,499","Sunday, 3 September",7 days Replacement,Only 1 left in stock,https://www.amazon.in/sspa/click?ie=UTF8&spc=MTo0MDIxMTIwNDczOTcxNjA1OjE2OTMzMTQ0NDQ6c3Bfc2VhcmNoX3RoZW1hdGljOjMwMDAyNTIxNzI0MTczMjo6MDo6&url=%2FMedellin-Acoustic-Guitar-learning-Strings%2Fdp%2FB0CCNSN9BV%2Fref%3Dsxbs_pa_sp_search_thematic_sspa%3Fcontent-id%3Damzn1.sym.8ea8b837-e8d5-4d1c-96e0-6db92bafe572%253Aamzn1.sym.8ea8b837-e8d5-4d1c-96e0-6db92bafe572%26cv_ct_cx%3Dguitar%26keywords%3Dguitar%26pd_rd_i%3DB0CCNSN9BV%26pd_rd_r%3D87782db9-7414-4799-884e-d20b82eb22d2%26pd_rd_w%3DLFxm9%26pd_rd_wg%3DH7FTy%26pf_rd_p%3D8ea8b837-e8d5-4d1c-96e0-6db92bafe572%26pf_rd_r%3DMFG93DCNWT3065SK7HJD%26qid%3D1693314444%26sbo%3DRZvfv%252F%252FHxDF%252BO5021pAnSA%253D%253D%26sr%3D1-1-5305f254-094d-43e2-b889-464ddb5d65bb-spons%26sp_csd%3Dd2lkZ2V0TmFtZT1zcF9zZWFyY2hfdGhlbWF0aWM%26psc%3D1
Medellin,"Medellin Acoustic Guitar (with guitar learning course) Neon Orange (Combo, Strings,Bag,Picks and guitar course)","2,499","Saturday, 2 September",7 days Replacement,In stock,https://www.amazon.in/sspa/click?ie=UTF8&spc=MTo0MDIxMTIwNDczOTcxNjA1OjE2OTMzMTQ0NDQ6c3Bfc2VhcmNoX3RoZW1hdGljOjMwMDAyNTIxNzI0MTYzMjo6MTo6&url=%2FMedellin-Acoustic-Guitar-learning-Strings%2Fdp%2FB0CCNSN6S4%2Fref%3Dsxbs_pa_sp_search_thematic_sspa%3Fcontent-id%3Damzn1.sym.8ea8b837-e8d5-4d1c-96e0-6db92bafe572%253Aamzn1.sym.8ea8b837-e8d5-4d1c-96e0-6db92bafe572%26cv_ct_cx%3Dguitar%26keywords%3Dguitar%26pd_rd_i%3DB0CCNSN6S4%26pd_rd_r%3D87782db9-7414-4799-884e-d20b82eb22d2%26pd_rd_w%3DLFxm9%26pd_rd_wg%3DH7FTy%26pf_rd_p%3D8ea8b837-e8d5-4d1c-96e0-6db92bafe572%26pf_rd_r%3DMFG93DCNWT3065SK7HJD%26qid%3D1693314444%26sbo%3DRZvfv%252F%252FHxDF%252BO5021pAnSA%253D%253D%26sr%3D1-2-5305f254-094d-43e2-b889-464ddb5d65bb-spons%26sp_csd%3Dd2lkZ2V0TmFtZT1zcF9zZWFyY2hfdGhlbWF0aWM%26psc%3D1
Kadence,"Kadence rosewood Guitar Frontier Series, Electric Acoustic Black Guitar With EQ, Die Cast Keys, Set Of Strings, Strap, Picks And Bag (Black EQ, Electric Acoustic)","4,999","Saturday, 2 September",7 days Replacement,In stock,https://www.amazon.in/sspa/click?ie=UTF8&spc=MTo0MDIxMTIwNDczOTcxNjA1OjE2OTMzMTQ0NDQ6c3Bfc2VhcmNoX3RoZW1hdGljOjMwMDAxNTUzNzk3OTIzMjo6Mjo6&url=%2FKadence-Frontier-Acoustic-Guitar-Strings%2Fdp%2FB078GTJP5Y%2Fref%3Dsxbs_pa_sp_search_thematic_sspa%3Fcontent-id%3Damzn1.sym.8ea8b837-e8d5-4d1c-96e0-6db92bafe572%253Aamzn1.sym.8ea8b837-e8d5-4d1c-96e0-6db92bafe572%26cv_ct_cx%3Dguitar%26keywords%3Dguitar%26pd_rd_i%3DB078GTJP5Y%26pd_rd_r%3D87782db9-7414-4799-884e-d20b82eb22d2%26pd_rd_w%3DLFxm9%26pd_rd_wg%3DH7FTy%26pf_rd_p%3D8ea8b837-e8d5-4d1c-96e0-6db92bafe572%26pf_rd_r%3DMFG93DCNWT3065SK7HJD%26qid%3D1693314444%26sbo%3DRZvfv%252F%252FHxDF%252BO5021pAnSA%253D%253D%26sr%3D1-3-5305f254-094d-43e2-b889-464ddb5d65bb-spons%26sp_csd%3Dd2lkZ2V0TmFtZT1zcF9zZWFyY2hfdGhlbWF0aWM%26psc%3D1
Kadence,"Kadence Slowhand Premium Jumbo Semi Acoustic Guitar with Heavy Padded Bag, guitar cable, Pro Capo (Black Spruce Wood)","11,999","Saturday, 2 September",7 days Replacement,In stock,https://www.amazon.in/sspa/click?ie=UTF8&spc=MTo0MDIxMTIwNDczOTcxNjA1OjE2OTMzMTQ0NDQ6c3Bfc2VhcmNoX3RoZW1hdGljOjIwMDU3MTkzMDU2MjA0OjozOjo&url=%2FKadence-Slowhand-Premium-Acoustic-Instrument%2Fdp%2FB077SZ667X%2Fref%3Dsxbs_pa_sp_search_thematic_sspa%3Fcontent-id%3Damzn1.sym.8ea8b837-e8d5-4d1c-96e0-6db92bafe572%253Aamzn1.sym.8ea8b837-e8d5-4d1c-96e0-6db92bafe572%26cv_ct_cx%3Dguitar%26keywords%3Dguitar%26pd_rd_i%3DB077SZ667X%26pd_rd_r%3D87782db9-7414-4799-884e-d20b82eb22d2%26pd_rd_w%3DLFxm9%26pd_rd_wg%3DH7FTy%26pf_rd_p%3D8ea8b837-e8d5-4d1c-96e0-6db92bafe572%26pf_rd_r%3DMFG93DCNWT3065SK7HJD%26qid%3D1693314444%26sbo%3DRZvfv%252F%252FHxDF%252BO5021pAnSA%253D%253D%26sr%3D1-4-5305f254-094d-43e2-b889-464ddb5d65bb-spons%26sp_csd%3Dd2lkZ2V0TmFtZT1zcF9zZWFyY2hfdGhlbWF0aWM%26psc%3D1
DEVICE OF URBAN INFOTECH,DEVICE OF URBAN INFOTECH 41 inch Acoustic Guitar for Beginners Adults Premium Wood Sunburst Curved Cutaway Design Acoustic Guitar Kit with Carry Bag Guitar for Adults Starters,"5,156","Monday, 4 September",7 days Replacement,In stock,https://www.amazon.in/sspa/click?ie=UTF8&spc=MTo0MDIxMTIwNDczOTcxNjA1OjE2OTMzMTQ0NDQ6c3Bfc2VhcmNoX3RoZW1hdGljOjIwMTYzOTEzMDU5MDk4Ojo0Ojo&url=%2FDEVICE-URBAN-INFOTECH-Acoustic-Beginners%2Fdp%2FB0C6DVVVCC%2Fref%3Dsxbs_pa_sp_search_thematic_sspa%3Fcontent-id%3Damzn1.sym.8ea8b837-e8d5-4d1c-96e0-6db92bafe572%253Aamzn1.sym.8ea8b837-e8d5-4d1c-96e0-6db92bafe572%26cv_ct_cx%3Dguitar%26keywords%3Dguitar%26pd_rd_i%3DB0C6DVVVCC%26pd_rd_r%3D87782db9-7414-4799-884e-d20b82eb22d2%26pd_rd_w%3DLFxm9%26pd_rd_wg%3DH7FTy%26pf_rd_p%3D8ea8b837-e8d5-4d1c-96e0-6db92bafe572%26pf_rd_r%3DMFG93DCNWT3065SK7HJD%26qid%3D1693314444%26sbo%3DRZvfv%252F%252FHxDF%252BO5021pAnSA%253D%253D%26sr%3D1-5-5305f254-094d-43e2-b889-464ddb5d65bb-spons%26sp_csd%3Dd2lkZ2V0TmFtZT1zcF9zZWFyY2hfdGhlbWF0aWM%26psc%3D1
VAULT,Vault DA40 41 Inch Premium Solid Spruce-Top Dreadnought Acoustic Guitar With Allen Key Natural,"7,299","Thursday, 31 August",7 days Replacement,In stock,https://www.amazon.in/sspa/click?ie=UTF8&spc=MToxMTMxNTMxNjkyMzYwNToxNjkzMzE0NTYwOnNwX2F0Zl9uZXh0OjIwMDkyNjI0MDIxNDk4OjowOjo&url=%2FPremium-Spruce-Top-Dreadnought-Acoustic-Guitar%2Fdp%2FB0BJK1CWSN%2Fref%3Dsr_1_49_sspa%3Fkeywords%3Dguitar%26qid%3D1693314560%26sr%3D8-49-spons%26sp_csd%3Dd2lkZ2V0TmFtZT1zcF9hdGZfbmV4dA%26psc%3D1
musicalworks.in,-,-,-,-,-,https://www.amazon.in/sspa/click?ie=UTF8&spc=MToxMTMxNTMxNjkyMzYwNToxNjkzMzE0NTYwOnNwX2F0Zl9uZXh0OjMwMDAyODA5NDIzMTkzMjo6MDo6&url=%2FMusical-Guitar-Cutaway-038G-Strings%2Fdp%2FB09G1BL9PD%2Fref%3Dsr_1_50_sspa%3Fkeywords%3Dguitar%26qid%3D1693314560%26sr%3D8-50-spons%26sp_csd%3Dd2lkZ2V0TmFtZT1zcF9hdGZfbmV4dA%26psc%3D1
Gibz's guitar,"Gibz's Guitar FT-G41 Frontier Series 41"" Jumbo Semi Acoustic Guitar With Die Cast Keys, Super Combo (Bag, 1 pack Strings, Strap, Picks, Capo (Natural)","6,999","Saturday, 2 September",7 days Replacement,In stock,https://www.amazon.in/sspa/click?ie=UTF8&spc=MToxMTMxNTMxNjkyMzYwNToxNjkzMzE0NTYwOnNwX2F0Zl9uZXh0OjIwMTYwOTQxODA4NDk4OjowOjo&url=%2FGibzs-FT-G41-Frontier-Acoustic-Strings%2Fdp%2FB0BY5DBMVW%2Fref%3Dsr_1_51_sspa%3Fkeywords%3Dguitar%26qid%3D1693314560%26sr%3D8-51-spons%26sp_csd%3Dd2lkZ2V0TmFtZT1zcF9hdGZfbmV4dA%26psc%3D1
Guitar Bro,-,-,-,-,-,https://www.amazon.in/sspa/click?ie=UTF8&spc=MToxMTMxNTMxNjkyMzYwNToxNjkzMzE0NTYwOnNwX2F0Zl9uZXh0OjIwMDQ5MTI5MTM2MzAxOjowOjo&url=%2FGUITAR-BRO-Acoustic-Beginner-Accessories%2Fdp%2FB07TC7TWCR%2Fref%3Dsr_1_52_sspa%3Fkeywords%3Dguitar%26qid%3D1693314560%26sr%3D8-52-spons%26sp_csd%3Dd2lkZ2V0TmFtZT1zcF9hdGZfbmV4dA%26psc%3D1
-,-,-,-,-,-,https://www.amazon.in/JUAREZ-JRZ38C-Handed-Acoustic-Strings/dp/B01FYYTDX6/ref=sr_1_53?keywords=guitar&qid=1693314560&sr=8-53
VAULT,"Vault Junior 30 Inch Acoustic Guitar for Kids with Truss Rod, Gig-Bag, Strings, Straps, Picks, String winder, Polishing Cloth & E-Book - Natural Gloss","3,799","Thursday, 31 August",7 days Replacement,In stock,https://www.amazon.in/Junior-Acoustic-Guitar-Strings-Polishing/dp/B07RMJ88G2/ref=sr_1_54?keywords=guitar&qid=1693314560&sr=8-54
VAULT,Vault PA36 Parlor Body Compact Acoustic Guitar with Standard Scale Length Natural,"7,124","Thursday, 31 August",7 days Replacement,In stock,https://www.amazon.in/Parlor-Compact-Acoustic-Guitar-Standard/dp/B0BJK1332J/ref=sr_1_55?keywords=guitar&qid=1693314560&sr=8-55
-,-,-,-,-,-,https://www.amazon.in/Kadence-strings-Slowhand-Acoustic-KSH04-12EQ/dp/B0CGDG462X/ref=sr_1_56?keywords=guitar&qid=1693314560&sr=8-56
JUAREZ,"Juârez JRZ38C/ASH 6 Strings Acoustic Guitar 38 Inch Cutaway, Right Handed, Ash with Bag, Strings, Picks and Strap","2,799","Thursday, 31 August",7 days Replacement,In stock,https://www.amazon.in/Juarez-JRZ38C-ASH-Strings-Acoustic/dp/B072JTPNZC/ref=sr_1_57?keywords=guitar&qid=1693314560&sr=8-57
-,-,-,-,-,-,https://www.amazon.in/Cort-AD810E-Dreadnought-Electro-Acoustic/dp/B00V9RNUD2/ref=sr_1_58?keywords=guitar&qid=1693314560&sr=8-58
Kadence,"Kadence Frontier 34inch guitar for Kids, Travel Guitar for Adult Acoustic Guitar with Die Cast Keys, Set of Strings, Strap, Picks and Bag (Black Guitar)","2,999","Sunday, 3 September",7 days Replacement,Only 1 left in stock,https://www.amazon.in/Kadence-Professional-Guitar-Years-Strings/dp/B07YZK5B2Z/ref=sr_1_59?keywords=guitar&qid=1693314560&sr=8-59
HOVNER,"Hovner 215 Black F-Cut Rosewood Fretboard Acoustic Guitar With Bag,Strap,1 Set of Extra Strings and 2 Picks By K-Retail","4,580","Friday, 8 September",7 days Replacement,In stock,https://www.amazon.in/Rosewood-Fretboard-Acoustic-Strings-K-Retail/dp/B07KLG8C4P/ref=sr_1_60?keywords=guitar&qid=1693314560&sr=8-60
Generic,-,-,-,-,-,https://www.amazon.in/Generic-G001-Acoustic-Guitar/dp/B0CCKRBHF6/ref=sr_1_61?keywords=guitar&qid=1693314560&sr=8-61
AUREUS,-,-,-,-,-,https://www.amazon.in/AUREUS-Acoustic-Instrument-Educational-Beginners/dp/B09W12QFQD/ref=sr_1_62?keywords=guitar&qid=1693314560&sr=8-62
-,-,-,-,-,-,https://www.amazon.in/Yamaha-F310-Acoustic-Guitar-Natural/dp/B08Z3C1GRM/ref=sr_1_63?keywords=guitar&qid=1693314560&sr=8-63
VAULT,Vault Artisan Premium Acoustic Guitar with Solid Spruce Top and Solid Mahogany Back and Sides Natural,"23,274","Thursday, 31 August",7 days Replacement,In stock,https://www.amazon.in/Vault-Artisan-Premium-Acoustic-Guitar/dp/B09P179GCM/ref=sr_1_64?keywords=guitar&qid=1693314560&sr=8-64
Kadence,"Kadence Frontier Semi Acoustic Jumbo Guitar 41"" with Learning Course, Die cast keys with Super Combo (Bag,strap,strings,capo And 3 picks) (Black, Electric Acoustic)","6,899","Saturday, 2 September",7 days Replacement,In stock,https://www.amazon.in/Kadence-Frontier-Acoustic-Guitar-Equalizer/dp/B01HRIHJWY/ref=sr_1_65?keywords=guitar&qid=1693314560&sr=8-65
Kadence,Kadence Acoustica Series Semi Acoustic Ash Wood with Equlizer A-06 (Guitar Super Combo with Accessories),"8,499","Sunday, 3 September",7 days Replacement,In stock,https://www.amazon.in/Kadence-Acoustica-Acoustic-Equlizer-Accessories/dp/B09BVH7BMJ/ref=sr_1_66?keywords=guitar&qid=1693314560&sr=8-66
Intern,"Intern INT-38C-NT-G 38 Incheses lindenwood Right HAnded Acoustic Guitar Kit With Bag, Strings, Pick And Strap (Natural, 6-Strings)","2,139","Thursday, 31 August",7 days Replacement,In stock,https://www.amazon.in/Intern-INT-38C-NT-G-Guitar-Kit-Natural/dp/B07K9MZZH9/ref=sr_1_67?keywords=guitar&qid=1693314560&sr=8-67
-,-,-,-,-,-,https://www.amazon.in/Ibanez-MD39C-NT-Cutaway-Acoustic-MD39CSB/dp/B07KYKTRKX/ref=sr_1_68?keywords=guitar&qid=1693314560&sr=8-68
-,-,-,-,-,-,https://www.amazon.in/sspa/click?ie=UTF8&spc=MToxMTMxNTMxNjkyMzYwNToxNjkzMzE0NTYwOnNwX210ZjoyMDA3Nzg2ODU4NjI5ODo6MDo6&url=%2FRight-Search-Mini-Musical-Guitar%2Fdp%2FB0B6FJNP9S%2Fref%3Dsr_1_69_sspa%3Fkeywords%3Dguitar%26qid%3D1693314560%26sr%3D8-69-spons%26sp_csd%3Dd2lkZ2V0TmFtZT1zcF9tdGY%26psc%3D1
DEVICE OF URBAN INFOTECH,DEVICE OF URBAN INFOTECH 40 inch Acoustic Guitar for Beginners Adults Premium Wood Curved Cutaway Design Acoustic Guitar Kit with Carrying Gig Bag Guitar for Adults Starters Students (Beige),"5,449","Monday, 4 September",7 days Returnable,In stock,https://www.amazon.in/sspa/click?ie=UTF8&spc=MToxMTMxNTMxNjkyMzYwNToxNjkzMzE0NTYwOnNwX210ZjozMDAwNDEyNjc1NDQyMzI6OjA6Og&url=%2FDEVICE-URBAN-INFOTECH-Acoustic-Beginners%2Fdp%2FB0CDS672C5%2Fref%3Dsr_1_70_sspa%3Fkeywords%3Dguitar%26qid%3D1693314560%26sr%3D8-70-spons%26sp_csd%3Dd2lkZ2V0TmFtZT1zcF9tdGY%26psc%3D1
IMAGINEA,Imaginea® 40 inch Acoustic Guitar for Beginner Electric Guitar Premium Wood Curved Cutaway Design Acoustic Guitar with Carry Bag Accessories Melody Maestro Guitar an Incredible Guitar for music,"5,449","Monday, 4 September",7 days Returnable,In stock,https://www.amazon.in/sspa/click?ie=UTF8&spc=MToxMTMxNTMxNjkyMzYwNToxNjkzMzE0NTYwOnNwX210ZjozMDAwMzEzMDE2NTI4MzI6OjA6Og&url=%2FImaginea%25C2%25AE-Acoustic-Beginner-Accessories-Incredible%2Fdp%2FB0CDS99DSG%2Fref%3Dsr_1_71_sspa%3Fkeywords%3Dguitar%26qid%3D1693314560%26sr%3D8-71-spons%26sp_csd%3Dd2lkZ2V0TmFtZT1zcF9tdGY%26psc%3D1
Generic,-,-,-,-,-,https://www.amazon.in/sspa/click?ie=UTF8&spc=MToxMTMxNTMxNjkyMzYwNToxNjkzMzE0NTYwOnNwX210ZjozMDAwMzQ3NDEzODc2MzI6OjA6Og&url=%2FGT-KIT-003-Changing-Multicolored-Acoustic%2Fdp%2FB0C28BNXJW%2Fref%3Dsr_1_72_sspa%3Fkeywords%3Dguitar%26qid%3D1693314560%26sr%3D8-72-spons%26sp_csd%3Dd2lkZ2V0TmFtZT1zcF9tdGY%26psc%3D1
-,-,-,-,-,-,https://www.amazon.in/JUAREZ-Arp%C3%A9ggio-Acoustic-Guitar-Spruce/dp/B08KGCFXKP/ref=sr_1_73?keywords=guitar&qid=1693314560&sr=8-73
-,-,-,-,-,-,https://www.amazon.in/Juarez-Acoustic-Cutaway-BK-Strings/dp/B076T3RHMG/ref=sr_1_74?keywords=guitar&qid=1693314560&sr=8-74
Intern,"Intern INT-38C 38 Incheses basswood-BLS-G Cutaway Right HAnded Acoustic Guitar Kit, With Bag, Strings, Pick And Strap (Blue, 6 Strings)","2,149","Thursday, 31 August",7 days Replacement,In stock,https://www.amazon.in/Intern-INT-38C-BLS-G-Guitar-Kit-Blue/dp/B07K8YXTNW/ref=sr_1_75?keywords=guitar&qid=1693314560&sr=8-75
JUAREZ,"Juârez JRZ38C/MAH 6 Strings Acoustic Guitar 38 Inch Cutaway, Right Handed, Mahogany with Bag, Strings, Picks and Strap","2,799","Thursday, 31 August",7 days Replacement,In stock,https://www.amazon.in/JRZ38C-Strings-Acoustic-Cutaway-Mahogany/dp/B071JM8C6T/ref=sr_1_76?keywords=guitar&qid=1693314560&sr=8-76
Kadence,"Kadence A281 Professional Acoustic Rosewood guitar (Natural, Beige)","6,499","Saturday, 2 September",7 days Replacement,In stock,https://www.amazon.in/Kadence-Professional-Acoustic-Rosewood-Natural/dp/B0CC927DLN/ref=sr_1_77?keywords=guitar&qid=1693314560&sr=8-77
-,-,-,-,-,-,https://www.amazon.in/Ibanez-MD39C-NT-Cutaway-Acoustic-Polishing/dp/B084BQJCP8/ref=sr_1_78?keywords=guitar&qid=1693314560&sr=8-78
-,-,-,-,-,-,https://www.amazon.in/Cort-CAP810-OP-Acoustic-Plectrums-Complete/dp/B08D7SWGG5/ref=sr_1_79?keywords=guitar&qid=1693314560&sr=8-79
-,-,-,-,-,-,https://www.amazon.in/Juarez-Acoustic-Guitar-Cutaway-JRZ38CT/dp/B01N3TTYJQ/ref=sr_1_80?keywords=guitar&qid=1693314560&sr=8-80
-,-,-,-,-,-,https://www.amazon.in/JRZ-ST01-6-String-Electric-Sunburst-Without/dp/B01FYZSOEE/ref=sr_1_81?keywords=guitar&qid=1693314560&sr=8-81
-,-,-,-,-,-,https://www.amazon.in/Pluto-HW39C-201-Medium-Cutaway-Acoustic/dp/B014R94EE2/ref=sr_1_82?keywords=guitar&qid=1693314560&sr=8-82
GIVSON,-,-,-,-,-,https://www.amazon.in/Givson-Ketostics-Guitar-Acoustic-Plectrums/dp/B08KS5MRSC/ref=sr_1_83?keywords=guitar&qid=1693314560&sr=8-83
-,-,-,-,-,-,https://www.amazon.in/Cort-AF515CE-6-String-Electro-Acoustic/dp/B07P6XSHQC/ref=sr_1_84?keywords=guitar&qid=1693314560&sr=8-84
-,-,-,-,-,-,https://www.amazon.in/Yamaha-Acoustic-Guitar-Tobacco-Sunburst/dp/B08VXR74Q2/ref=sr_1_85?keywords=guitar&qid=1693314560&sr=8-85
-,-,-,-,-,-,https://www.amazon.in/Fender-String-Cutaway-Acoustic-Guitar/dp/B07YX5W8MV/ref=sr_1_86?keywords=guitar&qid=1693314560&sr=8-86
Fender,-,-,-,-,-,https://www.amazon.in/Fender-FA-345CE-Auditorium-Bodied-Acoustic/dp/B07BCN55VP/ref=sr_1_87?keywords=guitar&qid=1693314560&sr=8-87
-,-,-,-,-,-,https://www.amazon.in/Blueberry-Acoustic-Guitar-Inbuilt-Strings/dp/B07PHZ16BG/ref=sr_1_88?keywords=guitar&qid=1693314560&sr=8-88
Kadence,"Kadence Astro Man Electric Guitar, with Free learning course 24 FRETS, H- S - S PICK UPS Walnut Top with Alder wood Back and Sides (white) With Amplifier","9,999","Thursday, 31 August",7 days Replacement,In stock,https://www.amazon.in/Kadence-Astro-Electric-Guitar-FRETS/dp/B09YHPH1MZ/ref=sr_1_89?keywords=guitar&qid=1693314560&sr=8-89
Neowood,"Neowood FLYM, Acoustic Guitar with Touch Pikup, Bag, Plectrums, finger Protectors & Neowood String Set (Wine red)","5,299","Monday, 4 September",7 days Replacement,In stock,https://www.amazon.in/Neowood-FLYM-Acoustic-Plectrums-Protectors/dp/B0BPCLSJH3/ref=sr_1_90?keywords=guitar&qid=1693314560&sr=8-90
Medellin,"Medellin M38 carbon fiber body 38 Incheses Acoustic Guitar (Black) Durable Matt finish With hAndrest, strings, strap, bag, 3 Picks, capo, stAnd","2,499","Sunday, 3 September",7 days Replacement,In stock,https://www.amazon.in/Medellin-Acoustic-Guitar-Carbon-Learning/dp/B09MSGQQWX/ref=sr_1_91?keywords=guitar&qid=1693314560&sr=8-91
YAMAHA,Yamaha FS80C 25 Incheses sprucewood The Ultimate Concert Body Cutaway Acoustic Guitar (Black) With Bajaao Gig-Bag,"8,749","Thursday, 31 August",7 days Replacement,In stock,https://www.amazon.in/Ultimate-Concert-Cutaway-Acoustic-Bajaao/dp/B08WHWKKV5/ref=sr_1_92?keywords=guitar&qid=1693314560&sr=8-92
-,-,-,-,-,-,https://www.amazon.in/Cort-AF510E-Semi-Acoustic-Guitar-Black/dp/B00L5F93DE/ref=sr_1_93?keywords=guitar&qid=1693314560&sr=8-93
-,-,-,-,-,-,https://www.amazon.in/JUAREZ-Arpeggio-Guitar-JRA39SR-BL-K-blue/dp/B08MWB5Y67/ref=sr_1_94?keywords=guitar&qid=1693314560&sr=8-94
DOMENICO,DOMENICO Guitar 4-String plastic Acoustic Guitar Musical Instrument For Learning (23 Inches),949,"Monday, 4 September",7 days Replacement,In stock,https://www.amazon.in/DOMENICO-4-String-Acoustic-Instrument-Learning/dp/B09M9VKRK8/ref=sr_1_95?keywords=guitar&qid=1693314560&sr=8-95
-,-,-,-,-,-,https://www.amazon.in/Yamaha-FSX80C-Acoustic-Cutaway-Guitar/dp/B09HL5WFDX/ref=sr_1_96?keywords=guitar&qid=1693314560&sr=8-96
Medellin,"Medellin Acoustic Guitar + (Free online learning Course) Neon Green with Strings,Bag,Picks and guitar strap.","2,499","Saturday, 2 September",7 days Replacement,In stock,https://www.amazon.in/Medellin-Acoustic-Guitar-learning-Strings/dp/B0CCNS2NDX/ref=sr_1_97?keywords=guitar&qid=1693314560&sr=8-97
-,-,-,-,-,-,https://www.amazon.in/Ibanez-GA5TCE-Strings-Right-Handed-Fretboard/dp/B00LJV9OAQ/ref=sr_1_98?keywords=guitar&qid=1693314560&sr=8-98
Intern,"Intern INT-38C-RD-G Linden Wood Cutaway Right Handed Acoustic Guitar Kit, With Bag, Strings, Pick And Strap (Red, 6 Strings)","2,099","Thursday, 31 August",7 days Replacement,In stock,https://www.amazon.in/Intern-INT-38C-RD-G-Guitar-Kit-Red/dp/B07K959RKX/ref=sr_1_99?keywords=guitar&qid=1693314560&sr=8-99
-,-,-,-,-,-,https://www.amazon.in/Yamaha-FS100C-Acoustic-Guitar-Natural/dp/B08Z3DVN8N/ref=sr_1_100?keywords=guitar&qid=1693314560&sr=8-100
Ibanez,"Ibanez GRG170DX 40 Inches Wood Electric Guitar, Black","23,339","Thursday, 31 August",7 days Replacement,In stock,https://www.amazon.in/Ibanez-GRG170DX-Electric-Guitar-Black/dp/B001EM180O/ref=sr_1_101?keywords=guitar&qid=1693314560&sr=8-101
-,-,-,-,-,-,https://www.amazon.in/Juarez-Arp%C3%A9ggio-Semi-Acoustic-Guitar-Spruce/dp/B08KHR4BJZ/ref=sr_1_102?keywords=guitar&qid=1693314560&sr=8-102
JUAREZ,"Juârez JRZ38C/VTS 6 Strings Acoustic Guitar 38 Inch Cutaway, Right Handed, Violet/Purple with Bag, Strings, Picks and Strap","2,649","Thursday, 31 August",7 days Replacement,In stock,https://www.amazon.in/JRZ38C-VTS-Strings-Acoustic-Cutaway/dp/B072MFLQC9/ref=sr_1_103?keywords=guitar&qid=1693314560&sr=8-103
Intern,"Intern INT-38C-SB-G Linden Wood Cutaway Right Handed Acoustic Guitar Kit, With Bag, Strings, Pick And Strap (Sunburst, 6 Strings)","2,149","Thursday, 31 August",7 days Replacement,In stock,https://www.amazon.in/Intern-INT-38C-SB-G-Guitar-Kit-Sunburst/dp/B07K8WLPLH/ref=sr_1_104?keywords=guitar&qid=1693314560&sr=8-104
Generic,-,-,-,-,-,https://www.amazon.in/sspa/click?ie=UTF8&spc=MToxMTMxNTMxNjkyMzYwNToxNjkzMzE0NTYwOnNwX2J0ZjozMDAwMzQ3NDEzODg4MzI6OjA6Og&url=%2FAcoustic-Plectrum-Accessories-Electric-Classical%2Fdp%2FB0C65YMH3X%2Fref%3Dsr_1_105_sspa%3Fkeywords%3Dguitar%26qid%3D1693314560%26sr%3D8-105-spons%26sp_csd%3Dd2lkZ2V0TmFtZT1zcF9idGY%26psc%3D1
-,-,-,-,-,-,https://www.amazon.in/sspa/click?ie=UTF8&spc=MToxMTMxNTMxNjkyMzYwNToxNjkzMzE0NTYwOnNwX2J0ZjozMDAwMzQ3NDEzODg2MzI6OjA6Og&url=%2FStrings-Changing-Multicolored-Acoustic-Guitars%2Fdp%2FB0C6FDW837%2Fref%3Dsr_1_106_sspa%3Fkeywords%3Dguitar%26qid%3D1693314560%26sr%3D8-106-spons%26sp_csd%3Dd2lkZ2V0TmFtZT1zcF9idGY%26psc%3D1
Sunburst,"Imaginea® 41 Inch Guitar 3TS Sunburst Cutaway Design Acoustic Guitar with Dual Action Truss Rod, Bag, Belt, 5 picks, Allen Key, for Beginners Students Adults","5,499","Monday, 4 September",7 days Replacement,In stock,https://www.amazon.in/sspa/click?ie=UTF8&spc=MToxMTMxNTMxNjkyMzYwNToxNjkzMzE0NTYwOnNwX2J0ZjozMDAwMzEzMDE2NTI5MzI6OjA6Og&url=%2FImaginea%25C2%25AE-Sunburst-Acoustic-Beginners-Students%2Fdp%2FB0C6Y2Y8HS%2Fref%3Dsr_1_107_sspa%3Fkeywords%3Dguitar%26qid%3D1693314560%26sr%3D8-107-spons%26sp_csd%3Dd2lkZ2V0TmFtZT1zcF9idGY%26psc%3D1
-,-,-,-,-,-,https://www.amazon.in/sspa/click?ie=UTF8&spc=MToxMTMxNTMxNjkyMzYwNToxNjkzMzE0NTYwOnNwX2J0ZjozMDAwMzkwNjU2OTE5MzI6OjA6Og&url=%2FDEVICE-URBAN-INFOTECH-Anti-Slip-Accessories%2Fdp%2FB0BVHV3CXM%2Fref%3Dsr_1_108_sspa%3Fkeywords%3Dguitar%26qid%3D1693314560%26sr%3D8-108-spons%26sp_csd%3Dd2lkZ2V0TmFtZT1zcF9idGY%26psc%3D1
IMAGINEA,Imaginea® 40 inch Acoustic Guitar for Beginner Electric Guitar Premium Wood Curved Cutaway Design Acoustic Guitar with Carry Bag Accessories Melody Maestro Guitar an Incredible Guitar for music,"5,449","Monday, 4 September",7 days Returnable,In stock,https://www.amazon.in/sspa/click?ie=UTF8&spc=MToyMzYwMDMwMDk4Mzk3NjA1OjE2OTMzMTQ1Njg6c3BfYXRmX25leHQ6MzAwMDMxMzAxNjUyNTMyOjowOjo&url=%2FImaginea%25C2%25AE-Acoustic-Beginner-Accessories-Incredible%2Fdp%2FB0CDS9WSW4%2Fref%3Dsr_1_97_sspa%3Fkeywords%3Dguitar%26qid%3D1693314568%26sr%3D8-97-spons%26sp_csd%3Dd2lkZ2V0TmFtZT1zcF9hdGZfbmV4dA%26psc%3D1
DEVICE OF URBAN INFOTECH,DEVICE OF URBAN INFOTECH 40 inch Acoustic Guitar for Beginners Adults Premium Wood Curved Cutaway Design Acoustic Guitar Kit with Carrying Gig Bag Guitar for Adults Starters Students (Blue),"5,449","Monday, 4 September",7 days Returnable,In stock,https://www.amazon.in/sspa/click?ie=UTF8&spc=MToyMzYwMDMwMDk4Mzk3NjA1OjE2OTMzMTQ1Njg6c3BfYXRmX25leHQ6MzAwMDQxMjY3NTQ0MzMyOjowOjo&url=%2FDEVICE-URBAN-INFOTECH-Acoustic-Beginners%2Fdp%2FB0CDS4YVKQ%2Fref%3Dsr_1_98_sspa%3Fkeywords%3Dguitar%26qid%3D1693314568%26sr%3D8-98-spons%26sp_csd%3Dd2lkZ2V0TmFtZT1zcF9hdGZfbmV4dA%26psc%3D1
-,-,-,-,-,-,https://www.amazon.in/sspa/click?ie=UTF8&spc=MToyMzYwMDMwMDk4Mzk3NjA1OjE2OTMzMTQ1Njg6c3BfYXRmX25leHQ6MzAwMDM3Mzc0MDI5MTMyOjowOjo&url=%2FGT-KIT-001-Accessories-Replacement-Acoustic%2Fdp%2FB0C287N197%2Fref%3Dsr_1_99_sspa%3Fkeywords%3Dguitar%26qid%3D1693314568%26sr%3D8-99-spons%26sp_csd%3Dd2lkZ2V0TmFtZT1zcF9hdGZfbmV4dA%26psc%3D1
Generic,-,-,-,-,-,https://www.amazon.in/sspa/click?ie=UTF8&spc=MToyMzYwMDMwMDk4Mzk3NjA1OjE2OTMzMTQ1Njg6c3BfYXRmX25leHQ6MzAwMDM0NzQxMzg4OTMyOjowOjo&url=%2FAcoustic-Plectrum-Accessories-Electric-Classical%2Fdp%2FB0C661VJXX%2Fref%3Dsr_1_100_sspa%3Fkeywords%3Dguitar%26qid%3D1693314568%26sr%3D8-100-spons%26sp_csd%3Dd2lkZ2V0TmFtZT1zcF9hdGZfbmV4dA%26psc%3D1
-,-,-,-,-,-,https://www.amazon.in/Acoustic-Pick-up-stability-professional-amplificaiton/dp/B09YH8YQR1/ref=sr_1_101?keywords=guitar&qid=1693314568&sr=8-101
VAULT,Vault RG1 Soloist Premium Electric Guitar - Transparent Black,"10,999","Thursday, 31 August",7 days Replacement,In stock,https://www.amazon.in/Vault-Soloist-Premium-Electric-Guitar/dp/B09GLZSS95/ref=sr_1_102?keywords=guitar&qid=1693314568&sr=8-102
blueberry,"Blueberry B40L, 40"" Acoustic Guitar Kit Inbuilt Truss Rod with Bag, Strap, One Pack Strings And Picks (Classic Maroon)","4,290","Monday, 4 September",7 days Replacement,In stock,https://www.amazon.in/Blueberry-Acoustic-Inbuilt-Strings-Classic/dp/B09VLF8B8G/ref=sr_1_103?keywords=guitar&qid=1693314568&sr=8-103
-,-,-,-,-,-,https://www.amazon.in/Kadence-Frontier-Acoustic-Foldable-Strings/dp/B01CJJG882/ref=sr_1_104?keywords=guitar&qid=1693314568&sr=8-104
-,-,-,-,-,-,https://www.amazon.in/Orangewood-Auditorium-Acoustic-Mahogany-Earthwood/dp/B07BN7JMX3/ref=sr_1_105?keywords=guitar&qid=1693314568&sr=8-105
-,-,-,-,-,-,https://www.amazon.in/JUAREZ-JRZ38C-Handed-Acoustic-Strings/dp/B01FYYTDW2/ref=sr_1_106?keywords=guitar&qid=1693314568&sr=8-106
-,-,-,-,-,-,https://www.amazon.in/Acoustic-Cutaway-3TS-Strings-Sunburst/dp/B098BD1MHM/ref=sr_1_97?keywords=guitar&qid=1693314568&sr=8-97
Cort,Cort AD810 Dreadnought Acoustic Guitar sunburst,"9,899","Sunday, 3 September",7 days Replacement,In stock,https://www.amazon.in/Cort-AD810-Dreadnought-Acoustic-Guitar/dp/B07G4CB8FQ/ref=sr_1_98?keywords=guitar&qid=1693314568&sr=8-98
-,-,-,-,-,-,https://www.amazon.in/Yamaha-F310-6-Strings-Acoustic-Natural/dp/B000RVYW7E/ref=sr_1_99?keywords=guitar&qid=1693314568&sr=8-99
-,-,-,-,-,-,https://www.amazon.in/Washburn-WD10-Dreadnought-Acoustic-Guitar/dp/B003EYV7Y2/ref=sr_1_100?keywords=guitar&qid=1693314568&sr=8-100
VAULT,Vault JB4 Jazz Bass 4-String Bass Guitar - Black,"9,999","Thursday, 31 August",7 days Replacement,In stock,https://www.amazon.in/Vault-Jazz-Bass-4-String-Guitar/dp/B09ZXGM7C3/ref=sr_1_101?keywords=guitar&qid=1693314568&sr=8-101
-,-,-,-,-,-,https://www.amazon.in/Acoustic-Cutaway-TBLS-Strings-Sunburst/dp/B098BCCY75/ref=sr_1_102?keywords=guitar&qid=1693314568&sr=8-102
YAMAHA,-,-,-,-,-,https://www.amazon.in/Yamaha-Classical-Guitar-C40-02/dp/B003UGCUFE/ref=sr_1_103?keywords=guitar&qid=1693314568&sr=8-103
-,-,-,-,-,-,https://www.amazon.in/Yamaha-Folk-Acoustic-Guitar-Natural/dp/B01C92QHLC/ref=sr_1_104?keywords=guitar&qid=1693314568&sr=8-104
blueberry,"Blueberry, VIP-301, 30Inch Acoustic Guitar Kit With Bag, Belt, String Sets And 2 Picks Natural","3,290","Monday, 4 September",7 days Replacement,In stock,https://www.amazon.in/Blueberry-VIP-301-30Inch-Acoustic-Natural/dp/B0BVVFNXMD/ref=sr_1_105?keywords=guitar&qid=1693314568&sr=8-105
Belear,-,-,-,-,-,https://www.amazon.in/Belear-I-280-WBL-Couturier-Cutaway-Acoustic/dp/B0BPSX7WHQ/ref=sr_1_106?keywords=guitar&qid=1693314568&sr=8-106
Aria,Aria FET M2 Meranti Thin-Body Cutaway Acoustic Guitar- Fingerboard: Ironwood natural,"6,979","Saturday, 2 September",7 days Replacement,Only 1 left in stock,https://www.amazon.in/Aria-Meranti-Thin-Body-Cutaway-Acoustic/dp/B08NYBFFWL/ref=sr_1_107?keywords=guitar&qid=1693314568&sr=8-107
-,-,-,-,-,-,https://www.amazon.in/JUAREZ-Arpeggio-Acoustic-Rosewood-Fretboard/dp/B08LBJ8PTM/ref=sr_1_108?keywords=guitar&qid=1693314568&sr=8-108
YAMAHA,-,-,-,-,-,https://www.amazon.in/Yamaha-APX600-NA-Acoustic-Electric-Natural/dp/B078WYGGHS/ref=sr_1_109?keywords=guitar&qid=1693314568&sr=8-109
DEVICE OF URBAN INFOTECH,DEVICE OF URBAN INFOTECH 41 inch Acoustic Guitar for Beginners Adults Premium Wood Sunburst Curved Cutaway Design Acoustic Guitar Kit with Carry Bag Guitar for Adults Starters,"5,156","Monday, 4 September",7 days Replacement,In stock,https://www.amazon.in/DEVICE-URBAN-INFOTECH-Acoustic-Beginners/dp/B0C6DVVVCC/ref=sr_1_110?keywords=guitar&qid=1693314568&sr=8-110
Kadence,Kadence Concert Sized Ukulele 24inch (Built in Equalizer) With Bag and Tuner (Saple Wood With Binding),"3,999","Thursday, 31 August",7 days Replacement,In stock,https://www.amazon.in/Kadence-Concert-Ukulele-Equalizer-Binding/dp/B08PNSGQBL/ref=sr_1_111?keywords=guitar&qid=1693314568&sr=8-111
-,-,-,-,-,-,https://www.amazon.in/JUAREZ-Arpeggio-Acoustic-Rosewood-Fretboard/dp/B08LBHB547/ref=sr_1_112?keywords=guitar&qid=1693314568&sr=8-112
-,Intern INT-38C Acoustic Guitar Kit (Natural),"2,948","Thursday, 31 August",7 days Replacement,In stock,https://www.amazon.in/Intern-INT-38C-Acoustic-Guitar-Natural/dp/B073B4D22T/ref=sr_1_113?keywords=guitar&qid=1693314568&sr=8-113
Kadence,"Kadence, Chronicle Series Electric Bass Guitar, Black Ash Wood with P-J Pickup, 2 Tone and 2 Volume Control","12,999","Sunday, 3 September",7 days Replacement,In stock,https://www.amazon.in/Kadence-Chronicle-Electric-Guitar-Control/dp/B071Y4NM7V/ref=sr_1_114?keywords=guitar&qid=1693314568&sr=8-114
-,-,-,-,-,-,https://www.amazon.in/JUAREZ-Arpeggio-Guitar-JRA41MAH-mahogany/dp/B08MWBBYL1/ref=sr_1_115?keywords=guitar&qid=1693314568&sr=8-115
Intern,"INTERN 41 inches Acoustic Guitar with truss rod. Includes carry bag, strings pack, strap & plectrums. Premium Wooden durable built, tonal stability & for all age-groups (Jamming Black).…","4,009","Thursday, 31 August",7 days Replacement,In stock,https://www.amazon.in/Acoustic-strings-plectrums-stability-age-groups/dp/B09YHC3LX6/ref=sr_1_116?keywords=guitar&qid=1693314568&sr=8-116
YAMAHA,"Yamaha Electric-Acoustic Guitar FSX80C Dreadnought With With Mexa Guitar Bag, Guitar Belt, Guitar Stand, String Set & Plectrums.(NT)","13,790","Sunday, 3 September",7 days Replacement,In stock,https://www.amazon.in/Yamaha-Electric-Acoustic-FSX80C-Dreadnought-Plectrums/dp/B09HSJ6GPQ/ref=sr_1_117?keywords=guitar&qid=1693314568&sr=8-117
-,-,-,-,-,-,https://www.amazon.in/Swami-Enterprise-4-String-Acoustic-Instrument/dp/B095LR581N/ref=sr_1_118?keywords=guitar&qid=1693314568&sr=8-118
-,-,-,-,-,-,https://www.amazon.in/Cort-AD880CE-BK-Acoustic-Right-Handed/dp/B00LCUPZ20/ref=sr_1_119?keywords=guitar&qid=1693314568&sr=8-119
Kadence,"Kadence Acoustica Series, Semi Acoustic Guitar Spruce Top","7,999","Sunday, 3 September",7 days Replacement,In stock,https://www.amazon.in/Kadence-Acoustica-Acoustic-Guitar-Spruce/dp/B08L7XW5SR/ref=sr_1_120?keywords=guitar&qid=1693314568&sr=8-120
-,-,-,-,-,-,https://www.amazon.in/Ketostics-Rosewood-Acoustic-Electric-Plectrums/dp/B09NSXPV1P/ref=sr_1_121?keywords=guitar&qid=1693314568&sr=8-121
YAMAHA,"Yamaha F310 Acoustic Guitar Dreadnought With Mexa Bag, Belt, String Set, Guitar Stand & Plectrums Combo Pack.Natural.","10,790","Sunday, 3 September",7 days Replacement,Only 1 left in stock,https://www.amazon.in/Yamaha-Acoustic-Dreadnought-Plectrums-Pack-Natural/dp/B084JSBPDS/ref=sr_1_122?keywords=guitar&qid=1693314568&sr=8-122
VAULT,Vault ST1 Premium Electric Guitar - White,"7,999","Thursday, 31 August",7 days Replacement,In stock,https://www.amazon.in/Vault-ST1-Premium-Electric-Guitar/dp/B09GLYSJ8W/ref=sr_1_123?keywords=guitar&qid=1693314568&sr=8-123
blueberry,"Blueberry B-38, 38"" Acoustic Guitar Kit Inbuilt Truss Rod with Bag, Strap, One Pack Strings And Picks (Natural)","2,655","Monday, 4 September",7 days Replacement,In stock,https://www.amazon.in/Blueberry-B-D38-Acoustic-inbuilt-Strings/dp/B07PCRZ1CD/ref=sr_1_124?keywords=guitar&qid=1693314568&sr=8-124
-,"Signature NM Blue Rosewood Fretboard Acoustic Guitar With Bag,Strap,1 Set of Extra Strings and 2 Picks V2","3,990","Friday, 8 September",7 days Replacement,Only 2 left in stock,https://www.amazon.in/Signature-NM-Rosewood-Fretboard-Acoustic/dp/B0C7P4LHXH/ref=sr_1_125?keywords=guitar&qid=1693314568&sr=8-125
-,-,-,-,-,-,https://www.amazon.in/Blueberry-Acoustic-Guitar-Strings-Redburst/dp/B09N9R525J/ref=sr_1_126?keywords=guitar&qid=1693314568&sr=8-126
Kadence,Kadence A281BK Professional Acoustic Rosewood Guitar (Black),"6,499","Saturday, 2 September",7 days Replacement,In stock,https://www.amazon.in/Kadence-A281BK-Professional-Acoustic-Rosewood/dp/B0CD7D6C6R/ref=sr_1_127?keywords=guitar&qid=1693314568&sr=8-127
-,-,-,-,-,-,https://www.amazon.in/Martin-Smith-W-101-SB-PK-Acoustic-Guitar/dp/B019MY0ZGI/ref=sr_1_128?keywords=guitar&qid=1693314568&sr=8-128
HENRIX,"Henrix 38C 38 Inch Left Handed Cutaway Acoustic Guitar with Dual Action Truss Rod, Gigbag, Picks, String Set, Strap, Cloth & Ebook- Natural","2,849","Thursday, 31 August",7 days Replacement,In stock,https://www.amazon.in/Henrix-Handed-Cutway-Acoustic-Polishing/dp/B08R3DKYGM/ref=sr_1_129?keywords=guitar&qid=1693314568&sr=8-129
HOVNER,"Hovner 215 Green F-Cut Rosewood Fretboard Acoustic Guitar With Bag,Strap,1 Set of Extra Strings and 2 Picks V3","4,480","Friday, 8 September",7 days Replacement,In stock,https://www.amazon.in/215-Rosewood-Fretboard-Acoustic-Strings/dp/B0C5458VCL/ref=sr_1_130?keywords=guitar&qid=1693314568&sr=8-130
Epiphone,Epiphone PRO 1 Acoustic Guitar Natural,"13,650","Sunday, 3 September",7 days Replacement,Only 1 left in stock,https://www.amazon.in/Epiphone-PRO-Acoustic-Guitar-Natural/dp/B019XV896I/ref=sr_1_131?keywords=guitar&qid=1693314568&sr=8-131
HOVNER,"Hovner Standard 185 Natural Rosewood Fretboard Acoustic Guitar With Bag,Strap,1 Set of Extra Strings and 2 Picks By K-Retail","4,290","Sunday, 3 September",7 days Replacement,In stock,https://www.amazon.in/Standard-Rosewood-Fretboard-Acoustic-K-Retail/dp/B07KLVKW5Z/ref=sr_1_132?keywords=guitar&qid=1693314568&sr=8-132
Kadence,Kadence Acoustica 34” Acoustic Guitar A03 with bag… (A-01-34) brown,"5,999","Sunday, 3 September",7 days Replacement,In stock,https://www.amazon.in/Kadence-Acoustica-Acoustic-Guitar-01-34/dp/B0BMKQ7KKY/ref=sr_1_133?keywords=guitar&qid=1693314568&sr=8-133
HOVNER,"Hovner Carlton Special Quality Rosewood Fretboard Blue Semi Acoustic Guitar With Bag,Strap,1 Set of Extra Strings and 2 Picks By K-Retail (Blue)","4,635","Friday, 8 September",7 days Replacement,In stock,https://www.amazon.in/Carlton-Rosewood-Fretboard-Acoustic-K-Retail/dp/B07KK8P9VB/ref=sr_1_134?keywords=guitar&qid=1693314568&sr=8-134
HOVNER,"Hovner 215 Royal Metallic Black F-Cut Rosewood Fretboard Acoustic Guitar With Bag,Strap,1 Set of Extra Strings and 2 Picks","4,580","Friday, 8 September",7 days Replacement,Only 1 left in stock,https://www.amazon.in/Hovner-Royal-Metallic-Rosewood-Fretboard/dp/B09RG6ZMWL/ref=sr_1_135?keywords=guitar&qid=1693314568&sr=8-135
-,-,-,-,-,-,https://www.amazon.in/Washburn-Dreadnought-Acoustic-Guitar-Natural/dp/B004AQT7VS/ref=sr_1_136?keywords=guitar&qid=1693314568&sr=8-136
-,-,-,-,-,-,https://www.amazon.in/JUAREZ-Acoustic-Rosewood-Fretboard-Natural/dp/B08GZZX16R/ref=sr_1_137?keywords=guitar&qid=1693314568&sr=8-137
Cort,"Cort AF500C Standard Series Open Pore Cutaway Acoustic Guitar with Bajaao Gig-Bag, Polishing Cloth & E-Book","8,999","Thursday, 31 August",7 days Replacement,In stock,https://www.amazon.in/Cort-Standard-Gig-Bag-Polishing-Cloth/dp/B0C6QHTLKL/ref=sr_1_138?keywords=guitar&qid=1693314568&sr=8-138
